კოდი psp,მედიკამენტი,ქარხ. კოდი,არტიკული,საქონლის დასახელება
15,ა ტ ფ ამპ.1% 1მლ N10,25.0,4,ა ტ ფ  1% 1მლ #10ა (დარნიცა)
87403,ადაპტოლი კაფს.300მგ N20,871.0,84552,ადაპტოლი 300მგ #20კაფს
15982,ადაპტოლი ტაბ. 500მგ N20,871.0,24213,ადაპტოლი 500მგ #20კაფს
39310,აევიტი კაფს. N30,138.0,4342,აევიტი 100000სე+100მგ #30კაფს
82580,ავამისი 27.5მკგ/120დოზ. სპრეი,3296.0,30735,ავამისი 27.5მკგ/120დოზ.სპრ
86520,ავევიტა C შუშხ.ტაბ.1000მგ N20,2636.0,80353,ავევიტა C 1000მგ#20ტ შუშ
34591,ავეკორი ტაბ.  2.5მგ N30,871.0,44098,ავეკორი  2.5მგ #30ტ
8271,ავეკორი ტაბ.  5მგ N30,871.0,14759,ავეკორი  5მგ #30ტ
8272,ავეკორი ტაბ. 10მგ N30,871.0,14760,ავეკორი 10მგ #30ტ
65126,ავეტექსი ტაბ. 20მგ N10,871.0,85028,ავეტექსი 20მგ #10ტ
66352,ავეტექსი ფლ.20მგ+2მლ გამხს.N1,871.0,84551,ავეტექსი 20მგ ლიოფ+2მლ გამხ#1ა
87427,ავექსონი 1გ ფლ.N1,871.0,22916,ავექსონი  1გ #1ფლ
27667,აისოლი 20.8გ პაკეტი N20,871.0,30850,აისოლი 20.82გ #20 პაკეტი
27668,აისოლი 4.16გ პაკეტი N20,871.0,30899,აისოლი 4.16გ #20 პაკეტი
12254,აკუპანი ამპ. 2მლ N5,413.0,25051,აკუპანი 20მგ/2მლ 2მლ #5ა
10165,ალბუციდი-ლიქვო 20% 5მლ ფლ,353.0,22017,ალბუციდი-ლიქვო 20% 5მლ #1ფლ
8288,ალერფასტი ტაბ. 120მგ N10,871.0,14757,ალერფასტი 120მგ #10ტ
8289,ალერფასტი ტაბ. 180მგ N10,871.0,14758,ალერფასტი 180მგ #10ტ
69373,ალიენზე კაფს. N60,2048.0,90330,ალიენზე #60კაფს
69,ალოპურინოლი ტაბ. 100მგ N50,87.0,1971,ალოპურინოლი 100მგ #50ტ
29178,ალპონალი ტაბ. 200მგ N10,871.0,35582,ალპონალი 200მგ #10ტ
18847,ამარილი M ტაბ. 2/500მგ N30,1158.0,28064,ამარილ M 2მგ/500მგ #30ტ
3428,ამარილი ტაბ. 2მგ N30,1206.0,7695,ამარილი 2მგ #30ტ(იტალ)
3430,ამარილი ტაბ. 4მგ N30,1206.0,7697,ამარილი 4მგ #30ტ
56739,ამპიოქსი კაფს. 0.25გ N50,871.0,52270,ამპიოქსი  0.25გ #50კაფს
12156,ამტასი ტაბ.  5მგ N20,871.0,25053,ამტასი   5მგ #20ტ
12157,ამტასი ტაბ. 10მგ N20,871.0,25054,ამტასი  10მგ #20ტ
10107,ანბერი ტაბ. N10,871.0,21789,ანბერი 500მგ/20მგ#10ტ
66001,აპიჯელი 150მლ ფლ.,2602.0,81058,აპიჯელი 150მლ ხსნ.ფლ.
70669,აპიჯელი C საწ.ტაბ.N30,2686.0,90015,აპიჯელი C #30ტ საწ
142,ასკორუტინი ტაბ.N10,2400.0,1913,ასკორუტინი 50მგ/50მგ#10ტ
6165,ატროვენტი 0.25მგ 20მლ საინჰ.ხს,1540.0,11681,ატროვენტი 0.25მგ/მლ 20მლ საინჰ
6457,ატროვენტი N 10მლ 200დოზ.აეროზ.,10.0,12247,ატროვენტი N 10მლ 200დოზ აეროზ
80436,ატროპინი ამპ.0.1% 1მლ N10,25.0,9846,ატროპინის სულფ0.1% 1მლ#10ა დარ
87663,აუგმენტინი სუსპ. 228მგ/70მლ,1286.0,14396,აუგმენტინი  228მგ/5მლ 70მლ სუს
84928,აუგმენტინი სუსპ.457მგ/5მლ 70მლ,1286.0,14397,აუგმენტინი  457მგ/5მლ 70მლ სუს
8346,აუგმენტინი ტაბ. 1გ N14,201.0,14394,აუგმენტინი 1გ #14ტ
8347,აუგმენტინი ტაბ. 625მგ N14,201.0,14395,აუგმენტინი  625მგ #14ტ
9452,აციკლოვირი მალამო 5% 5გ,21.0,2390,აციკლოვირი 5% 5გ მალამო
71427,აციკლოვირი ტაბ.200მგ N20 ბელმე,21.0,9344,აციკლოვირი 0.2გ #20ტ
84979,აციკლოვირი(აციჰერპინი)კრ.5% 5გ,1639.0,126712,აციკლოვ.(აციჰერპინი)5% 5გ კრ
44657,ბადექსი კაფს. N30,1949.0,64801,ბადექსი #30კაფს
12170,ბაუმე 5მლ ყურის წვეთები,871.0,15247,ბაუმე 5მლ ყურის წვეთები
32163,ბებიტი სუსპენ. 100მგ/5მლ 100მლ,871.0,42414,ბებიტი 100მგ/5მლ 100მლ სუსპ.
6002,ბეროდუალი 20მლ საინჰალაც. ხსნ.,1540.0,3052,ბეროდუალი 20მლ საინჰ/ხს ფლ.
6003,ბეროდუალი N 10მლ/200დოზა აეროზ,10.0,11524,ბეროდუალი  N 10მლ/200დოზ.აეროზ
58593,ბიმბო აპეტიტო სიროფი 150მლ,2602.0,81185,ბიმბო აპეტიტო 150მლ სიროფი
316,ბისაკოდილი სანთლები 10მგ N10,2400.0,79,ბისაკოდილი 10მგ #10 სუპოზ
81618,ბიცილინ-3 600 000 ერთ.N40,78.0,87,ბიცილინ-3  0.6გ #1ფლ
59006,ბიცილინ-3 600 000 ერთ.კიევმედპ,78.0,87,ბიცილინ-3  0.6გ #1ფლ
81619,ბიცილინ-5 1 500 000 ერთ.N40,78.0,925,ბიცილინ-5  1.5გ #1ფლ
59007,ბიცილინ-5 1 500 000 ერთ.კიევმე,78.0,925,ბიცილინ-5  1.5გ #1ფლ
76178,ბლემარენი შუშხუნა ტაბ.N100,3121.0,94724,ბლემარენი #100ტ შუშხ
35420,ბლესტარი ტაბ. 24მგ N20,871.0,47938,ბლესტარი 24მგ #20ტ
85705,ბრევიპროსტი თვ.წვ.0.004% 5მლ,353.0,129578,"ბრევიპროსტი 0,04მგ/მლ5მლ თვ/წვ"
85706,ბრევიპროსტი პლუს0.04+5მგ/მლ5მლ,353.0,127810,"ბრევიპროსტი პლუსი0,04მგ+5მგ 5მლ თვ/წვ"
27614,ბრიმოპტიკი  10 მლ თვ.წვეთ,353.0,28861,ბრიმოპტიკი 10მლ თვ.წვ
84012,გასტრომილი რეფლუქსი პაკ.N20,3268.0,97410,გასტრომილ რეფლუქსი#20პაკ
87816,გინკგობილი კაფსულა N60,3268.0,97420,გინკგობილი #60კაფს
38229,გლატანი ტაბ. 30მგ N20,871.0,53375,გლატანი 30მგ #20ტ
406,გლიცერინი 25მლ,85.0,1199,გლიცერინი 25მლ ფლ
86696,გლორმეტი ტაბ.50მგ/1000მგ N60,871.0,123586,გლორმეტი 50მგ/1000მგ#60ტ
87407,დანობინი სირ.100მგ/5მლ 100მლ,871.0,134315,დანობინი 100მგ/5მლ სიროფი
81557,დენრეკი ამპ.50მგ/2მლ 2მლ N5,871.0,95844,დენრეკი 50მგ/2მლ2მლ #5ა
87729,დენრეკი ტაბ.25მგ N10,871.0,134622,დენრეკი 25მგ #10ტ
78732,"დეპაკინი სიროფი 57,64/150მლ",1758.0,2409,დეპაკინი 57.64მგ/მლ150მლ სიროფ
455,დეპაკინი ხრონო ტაბ.300მგ N100,465.0,8968,დეპაკინი ხრონო 300მგ #50ტ
456,დეპაკინი ხრონო ტაბ.500მგ N30,465.0,2971,დეპაკინი ხრონო 500მგ #30ტ
87095,დერმოვეიტი კრემი 0.05% 25გ,3415.0,2643,დერმოვეიტი 0.05% 25გ კრემი
87096,დერმოვეიტი მალამო 0.05% 25გ,3415.0,2644,დერმოვეიტი 0.05% 25გ მალამო
469,დერმოვეიტი მალამო 25გ,1256.0,2644,დერმოვეიტი 0.05% 25გ მალამო
10556,დიაზოლინი ტაბ.0.1გ N10,25.0,7398,დიაზოლინი 0.1გ #10ტ
59251,დიბაზოლი 1% 1მლ ამპN10 დარნიცა,25.0,9714,დიბაზოლი 10მგ/მლ 1მლ#10ა(დარნ)
489,დიბაზოლი 1% 5მლ ამპ.N10,25.0,908,დიბაზოლი 10მგ/მლ 5მლ#10ა(დარნ)
667,დიგოქსინი ტაბ. 0.25მგ N40,87.0,8858,დიგოქსინი 0.25მგ #40ტ
17575,დიდროფი 0.05% 10მლ ცხ.წვთ,871.0,27879,დიდროფი 0.05% 10მლ ცხ.წვეთები
18653,დიდროფი 0.05% 15მლ ცხ.აეროზოლი,871.0,27881,დიდროფი 0.05% 15მლ ცხ.სპრეი
17576,დიდროფი 0.1% 10მლ ცხ.წვთ,871.0,27880,დიდროფი 0.1% 10მლ ცხ.წვეთები
18654,დიდროფი 0.1% 15მლ ცხ.აეროზოლი,871.0,27882,დიდროფი 0.1% 15მლ ცხ.სპრეი
25195,დიკლოფენაკი 0.1% 10მლ თვ. წვ.,353.0,28486,დიკლოფენაკი 0.1%10მლ თვ.წ(ლიქვ
10945,დიკლოფეროლი N ამპ. 75მგ/3მლ N5,871.0,84550,დიკლო ფეროლი N-გეო 75მგ/3მლ#5ა
6208,დიკლოფეროლი ტაბ. 50მგ N20,871.0,17471,დიკლო ფეროლი 50მგ #20ტ
42801,დილოქსი ამპ. 50მგ/მლ 2მლ N5,871.0,62820,დილოქსი 50მგ/მლ 2მლ #5ა
59214,დილოქსი ტაბ.125მგ N30,871.0,82154,დილოქსი 125მგ #30ტ
59008,დიმედროლი ამპ. 1% 1მლ N10 დარნ,25.0,2569,დიმედროლი 1% 1მლ #10ა(დარნიცა)
501,დიმედროლი ტაბ.0.05 N10,25.0,9715,დიმედროლი 0.05გ #10ტ (დარნიცა)
76166,დიფლუზოლი კაფს. 150მგ N1,78.0,12201,დიფლუზოლ-კმპ 150მგ #1კაფს
76167,დიფლუზოლი კაფს. 150მგ N2,78.0,54299,დიფლუზოლ-კმპ 150მგ #2კაფს
30318,დომინალი თვ.წვთ. 0.5% 5მლ,353.0,36967,დომინალი 0.5% 5მლ თვ.წვეთები
11883,დომინალი ტაბ. 400მგ N10,871.0,142127,დომინალი 400მგ #5ტ
90725,დომინალი ტაბ.400მგ N5,871.0,142127,დომინალი 400მგ #5ტ
35172,დომისინი MR ტაბ. 35მგ N60,1700.0,42525,დომისინი MR 35მგ #60ტ
4982,დოსტინექსი ტაბ. 0.5მგ N8,161.0,9687,დოსტინექსი 0.5მგ #8ტ
532,დოფამინი ამპ.4% 5მლ. N10,25.0,3080,დოფამინი 4% 5მლ #10ა (დარნიცა)
82421,დუკრესა თვ.წვთ.1მგ+5მგ/5მლ ფლ.,281.0,94146,დუკრესა 1მგ+5მგ/ 5მლ თ/წვ
78579,დუკრესა თვ.წვთ.1მგ+5მგ/5მლ ფლ.,1172.0,94146,დუკრესა 1მგ+5მგ/ 5მლ თ/წვ
41371,დუოდარტი კაფს. 0.5/0.4 მგ N30,1917.0,57610,დუოდარტი 0.5მგ/0.4მგ #30კაფს
79924,ელსანტი D ტაბ. 5მგ N20,871.0,90977,ელსანტი D 5მგ #20ტ
8634,ენოზიდი-H ტაბ. 10მგ/25მგ N20,871.0,15022,ენოზიდი-H 10მგ/25მგ #20ტ
8722,ენოზიდი-HL 10მგ/12.5მგ N20,871.0,15021,ენოზიდი-HL 10მგ/12.5მგ #20ტ
73574,ენტენორმი პლუსი კაფს.220მგ N30,871.0,92848,ენტენორმი პლუსი 220მგ#30კაფს
3189,ენტეროლი  პაკ.250მგ N10,413.0,7512,ენტეროლი 250მგ პაკეტი #10
3188,ენტეროლი კაფს.250მგ N10,413.0,7519,ენტეროლი 250მგ #10კაფს
587,ესკუზანი წვეთები 20მლ,290.0,621,ესკუზანი წვეთები 10მგ/5მგ 20მლ
598,ეტაციზინი ტაბ. 0.05 N50,871.0,65240,ეტაციზინი 50მგ #50ტ
85449,ეუკარბონი ტაბ. N10,373.0,11344,ეუკარბონი #10ტ
82971,ეუკარბონი ტაბ. N100,373.0,11344,ეუკარბონი #10ტ
6864,ეფექტი ფლუ კაფს. N10,871.0,21583,ეფექტი  ფლუ #10კაფს
71489,ეფექტი ჩაი N12,871.0,89187,ეფექტი ჩაი 13გ#12პაკეტი
11223,ეფცენ-150 კაფს. 150მგ N1,871.0,23131,ეფცენ-150 #1კაფს
70224,ექსისტა-F პაკ.N30,2048.0,90289,ექსისტა-F #30პაკ
70225,ექსისტა-Men პაკ.N30,2048.0,90290,ექსისტა-Men #30პაკ
12400,ვაგოსტაბილი ტაბ. N40,413.0,25308,ვაგოსტაბილი #40ტ
69468,ვალიდოლი (მედილოლი) ტაბ.N10,25.0,23680,ვალიდოლი (მედილოლი)#10ტ(დარნ)
38674,ვალმოქსი ტაბ. 500მგ N10,871.0,54880,ვალმოქსი 500მგ #10ტ
79952,ვალტრექსი ტაბ.500მგ N10,1301.0,8338,ვალტრექსი 500მგ #10ტ
73162,ვანკორი 1გ ფლაკონი,871.0,80497,ვანკორი 1გ #1ფლ
82547,ვენაქტივი გელი 150მლ,3268.0,97436,ვენაქტივი 150მლ გელი
5415,ვენენ  გელი  100მლ,622.0,83359,დ.ტაისი ვენენ გელი 100მლ*
646,ვერაპამილი ტაბ.80მგ N50,87.0,5946,ვერაპამილი ჰ/ქლ 80მგ #50ტ
36985,ვიდრაფი შამპუნი120მლ,1774.0,89368,ვიდრაფი 2%120მლ შამპუნი
61457,ვიზიპრესი 2% 5მლ თვ.წვ,353.0,83921,ვიზიპრესი 2% 5მლ თვ/წვ ფლ
11177,ვიკაზიდი ტაბ. 150/100მგ N10,871.0,15066,ვიკაზიდი 150/100მგ #10ტ
657,ვიკასოლი 1% 1მლ ამპ.N10,25.0,121,ვიკასოლი 1% 1მლ #10ა (დარნიცა)
90696,ვილტამეტი ტაბ. 50მგ/850მგ N60,871.0,125746,ვილტამეტი 50მგ/850მგ #60ტ
86697,ვილტამეტი ტაბ.50მგ/1000მგ N60,871.0,125745,ვილტამეტი 50მგ/1000მგ #60ტ
58903,ვიტ. B1 5% 1მლ ამპ. N10 დარნიც,25.0,129,ვიტ B1 5% 1მლ #10ა (დარნიცა)
58904,ვიტ. B6 5%  1მლ ამპ.N10 დარნიც,25.0,2020,ვიტ B6 5% 1მლ #10ა (დარნიცა)
3071,ვიტ. C 5%  2მლ ამპ.N10 დარნიცა,25.0,9757,ვიტ C 5% 2მლ #10ა (დარნიცა)
75781,ვიტროლი ომეგა 3 კაფს. N90,2048.0,94249,ვიტროლი ომეგა 3 #90კაფს
61303,ვიტროლი ომეგა 3.6.9 კაფს. N60,2602.0,81057,"ვიტროლი ომეგა 3,6,9  #60კაფს"
86824,ვიტროლი ომეგა ქიდსი სირ.200მლ,3379.0,124996,ვიტროლი ომეგა ქიდსი 200მლ სირ
28085,ზენტელი ტაბ. 400მგ N1,1417.0,31416,ზენტელი 400მგ #1ტ
65612,ზეტოპტიკი თვ.წვთ.10მგ+5მგ 5მლ,353.0,83420,ზეტოპტიკი 10მგ+5მგ/მლ5მლ თვ.წვ
82974,ზინატი 125მგ/5მლ  50მლ სუსპ.ფლ,3296.0,2638,ზინატი 125მგ/5მლ 50მლ სუსპ. ფლ
82579,ზინატი ტაბ. 250მგ N10,3296.0,3353,ზინატი 250მგ #10ტ
84514,ზინატი ტაბ. 500მგ N10,3296.0,2637,ზინატი 500მგ #10ტ
82042,ზირტეკი ტაბ.10მგ. N7,3259.0,3215,ზირტეკი 10მგ #7ტ
38099,თერმომეტრი Eco Temp Basic,1825.0,30821,თერმომეტრი Omron Eco temp Bas.
38100,თერმომეტრი Flex Temp Smartდრეკ,1825.0,44363,თერმომეტრი Omron Flex Smart
86063,იზოვიტი შუშხ.ტაბ.N24,3105.0,128247,იზოვიტი #24ტ შუშხ
86051,იზოვიტი ჯუნიორი შუშხ.ტაბ.N20,3105.0,128248,იზოვიტი ჯუნიორი #20ტ.შუშხ
786,იმიგრანი ტაბ.50მგ.N6,1256.0,2662,იმიგრანი  50მგ #6ტ
70935,იმფლუნატი შუშხუნა ტაბ. N20,2636.0,87316,იმფლუნატი #20ტ შუშხ
6723,ინფლუვაკი მზა შპრიცი N1 0.5მლ,1564.0,9929,ვაქც.ინფლუვაკი 0.5მლ შპრიცი #1
86823,იპოვიდი მალამო 100მგ/გ 20გ,871.0,124745,იპოვიდი 10% 20გ მალ
88488,იპოვიდი ხსნარი 10% 1000მლ,871.0,127623,იპოვიდი 10% 1000მლ ხსნ#1ფლ
86842,იპოვიდი ხსნარი 10% 30მლ,871.0,127622,იპოვიდი 10% 30მლ ხსნ#1ფლ
18423,იტასპორი კაფს. 100მგ. N10,871.0,28078,იტასპორი 100მგ #10კაფს
87843,კადერონი ფლ.1.5გ N1,871.0,72300,კადერონი 1გ/0.5გ #1ფლ
88786,კადეტინქრომი კაფსულა N60,3268.0,97590,კადეტინქრომი #60კაფს
37493,კათიონორმი 10მლ თვ. წვეთები,281.0,51537,კათიონორმი 10მლ თვ.წვეთები
863,კალცი გლუკონატი 10%  5მლ.N10,25.0,9799,კალციუმის გლუკ100მგ/მლ5მლ#10და
868,კალცი ქლორიდი 10% 5მლ ამპ.N10,25.0,9759,კალციუმის ქლორ.10% 5მლ#10(დარნ
80437,კალციტრონი სიროფი 150მლ,2602.0,96302,კალციტრონი 150მლ სიროფი
80438,კალციტრონი შუშხ.ტაბ.N20,2636.0,81682,კალციტრონი #20ტ შუშხ
76386,კანამიცინი 1გ ფლ,78.0,246,კანამიცინის სულფატი 1გ #1ფლ
81620,კანამიცინი 1გ ფლ.N40,78.0,246,კანამიცინის სულფატი 1გ #1ფლ
75203,კაპტი ტაბ. 25მგ N60,871.0,89578,კაპტოპრილ(კაპტი)25მგ #60ტ
16173,კარდიო ფორსი ტაბ. 75მგ N30,871.0,27460,კარდიო ფორსი  75მგ #30ტ
8413,კარდირატი ტაბ.  6.25მგ N30,871.0,14903,კარდირატი  6.25მგ #30ტ
8414,კარდირატი ტაბ. 12.5მგ N30,871.0,14904,კარდირატი 12.5მგ #30ტ
90711,კბ/პ. ლაკალუტი აქტ/სენ.ღრძ75მლ,622.0,94121,ლაკალუტი აქტივ/ სენსიტივი 75მლ
5717,კბ/პ. ლაკალუტი აქტივი 50მლ,622.0,10960,ლაკალუტი აქტივი კბილის პასტა 50მლ
27576,კბ/პ. ლაკალუტი აქტივი 75მლ,622.0,138925,ლაკალუტი აქტივი კბ.პასტა 75მლ
11900,კბ/პ. ლაკალუტი ბავ.4 წლ-მდე,622.0,23260,ლაკალუტი ბავშვის კბილის პასტა 4წლ-მდე
11901,კბ/პ. ლაკალუტი ბავ.4-8 წლ-მდე,622.0,23261,ლაკალუტი ბავ.კბ/პასტა4-8წლ-მდე
82607,კბ/პ. ლაკალუტი სენსიტივი 75მლ,622.0,140783,ლაკალუტ სენსიტივი 75მლ
5719,კბ/პ. ლაკალუტი ფთორით 50მლ,622.0,10961,ლაკალუტი ფთორითკბილის პასტა 50მლ
25245,კბ/სავლ. ლაკალუტი აქტივი 300მლ,622.0,28740,ლაკალუტი აქტივი სავლები 300მლ
11902,კბ/ჯ ლაკალუტი ბავშვ.4წლ-მდე,622.0,32846,ლაკალუტი ბავ.კბ/ჯაგრის4წლ-მდე*
83102,კერმოვენი ტაბ.15მგ N30,871.0,125859,კერმოვენი 15მგ #30ტ
83103,კერმოვენი ტაბ.20მგ N30,871.0,95904,კერმოვენი 20მგ #30ტ
30908,კეტამო ამპ. 30მგ/1მლ N10,871.0,89743,კეტამო-რაციონ30მგ/1მლ#10ი.ვ/მ
82608,კეტამო ტაბლეტი 10მგ N100,871.0,34164,კეტამო 10მგ  #10ტ
28324,კეტო-გელი 2.5% 30გ გელი,871.0,34041,კეტო-გელი 2.5% 30გ გელი ტუბ
85698,კეფენტეკი ემპლასტრო 30მგ N7,3373.0,47102,კეფენტეკი 30მგ #7 ემპლასტრო
82556,კვადრიპინი ტაბ.10მგ/5მგ N30,871.0,94347,კვადრიპინი 10მგ/5მგ #30ტ
10661,კვადრიცა 10 ტაბ. 10მგ N30,871.0,21824,კვადრიცა 10 10მგ #30ტ
10662,კვადრიცა 20 ტაბ. 20მგ  N30,871.0,21825,კვადრიცა 20 20მგ #30ტ
10240,კვადრიცა H მიტე ტბ10/12.5მგN30,871.0,21828,კვადრიცა H მიტე 10/12.5მგ #30ტ
10224,კვადრიცა H ტაბ 20მგ/12.5მგ N30,871.0,21826,კვადრიცა H 20მგ/12.5მგ #30ტ
10663,კვადრიცა H ფორტე ტბ20/25მგN30,871.0,21827,კვადრიცა H ფორტე 20მგ/25მგ#30ტ
28490,კლექსანი 40მგ/0.4მლ შპრიცი N10,465.0,8029,კლექსანი 40მგ/0.4მლ შპრიცი #1
28491,კლექსანი 60მგ/0.6მლ შპრიცი N2,465.0,9417,კლექსანი 60მგ/0.6მლ შპრიცი #1
79900,კლოტრიმაზოლ ARISTOკრ.ვაგ2% 20გ,290.0,124501,კლოტრიმაზოლი არისტ2%20გ ვაგ კრ
76162,კლოტრიმაზოლი კრემი 1% 20გ,1256.0,262,კლოტრიმაზოლი 1% 20გ კრემი GSK
89158,კლოტრიმაზოლი კრემი 1% 20გ,3415.0,262,კლოტრიმაზოლი 1% 20გ კრემი GSK
929,კლოფელინი 0.15მგ ტაბ.N50,25.0,265,კლოფელინი 0.15მგ #50ტ(დარნიცა)
31215,კოლინი კაფს. 40მგ N30,871.0,37923,კოლინი 40მგ #30კაფს
31354,კოლინი სუსპ. 40მგ/მლ 30მლ,871.0,37924,კოლინი 40მგ/მლ 30მლ სუსპენზია
84525,კოლხურიკი ტაბ.N60,3268.0,97434,კოლხურიკი #60ტ
32402,კოპლავიქსი ტაბ. 75/100მგ N30,465.0,43598,კოპლავიქსი 75მგ/100მგ #30ტ
86605,კორდარონი ტაბ.200მგ N30,3171.0,2739,კორდარონი 200მგ #30ტ
44658,კორვანტი კაფს. N30,1949.0,64802,კორვანტი #30კაფს
28581,კორსიზი ტაბ. N100,871.0,15523,კორსიზი  #10ტ
84050,კოსოფტი BK თვ.წვ.20მგ/5მგ 10მლ,1172.0,70458,კოსოფტი 20მგ/5მგ 10მლ თვ.წვეთე
4269,კოფეინი ბენზ.ნატრ. 10% 1მლ N10,25.0,280,კოფეინი ნ/ბ 10% 1მლ #10ა(დარნ)
977,კოფეინი ნ/ტ ტაბ. 0.2გ N10,87.0,1855,კოფეინი ნ/ბ 0.2გ #10ტ
64873,ლ-კადეტინი ფლ.1გ/10მლ 10მლ N10,871.0,82990,ლ-კადეტინი 1გ/10მლ 10მლ #10ფლ
75701,ლ-ლიზინის ესცინატი 1მგ 5მლN10,85.0,62183,ლ-ლიზინის ესცინატი1მგ/მლ5მლ#10
47299,ლაბრონი ამპ. 500მგ/2მლ N5,871.0,69051,ლაბრონი 500მგ/2მლ #5ა
47298,ლაბრონი ამპ.1000მგ/4მლ N5,871.0,69052,ლაბრონი 1000მგ/4მლ #5ა
13182,ლან-30 კაფს. N30,871.0,24994,ლან-30 #30კაფს
76168,ლარიტილენი საწ.ტაბ.N20 პიტ/ლიმ,78.0,89206,ლარიტილენი #20 პიტ/ლიმ
75705,ლეგკოლაქსი პაკ. 4გ N10,78.0,79282,ლეგკოლაქსი 4გ #10 პაკეტი
75704,ლეგკოლაქსი პაკ.10გ N10,78.0,79281,ლეგკოლაქსი 10გ #10 პაკეტი
87406,ლევოთიროქსინი არისტო  25მკგN50,3195.0,134018,ლევოთიროქსინი არისტ25მკგ#50ტ
87404,ლევოთიროქსინი არისტო  50მკგN50,3195.0,28341,ლევოთიროქსინი არისტ50მკგ#50ტ
87405,ლევოთიროქსინი არისტო 100მკგN50,3195.0,28342,ლევოთიროქსინი არისტ100მკგ#50ტ
1007,ლევომეკოლი მალამო  40გ,67.0,851,ლევომეკოლის მალამო 40გ ტ(ნიჟფ.
78042,ლევომიცეტინი ტაბ.0.5გ N10,78.0,292,ლევომიცეტინ-კმპ 0.5გ #10ტ
82417,ლეკროლინი თვ.წვ.40მგ/მლ 5მლ,3281.0,28293,ლეკროლინი 40მგ/მლ 5მლ თვ/წვ
36898,ლემუდორი ტაბ. 100მგ N10,871.0,48427,ლემუდორი 100მგ #10ტ
73566,ლეპაკი საღ.ტაბ.4მგ N30,871.0,84717,ლეპაკი  4მგ #30ტ საღ
73567,ლეპაკი საღ.ტაბ.5მგ N30,871.0,84718,ლეპაკი  5მგ #30ტ საღ
67160,ლეპაკი ტაბ.10მგ N30,871.0,84719,ლეპაკი 10მგ #30ტ
9644,ლერონი ტაბ. 40მგ/5მგ N50,871.0,15085,ლერონი 40მგ/5მგ #50ტ
7061,ლიდოკაინი-ლიქვო 1% 20მლ,353.0,13090,ლიდოკაინი-ლიქვო 1% 20მლ ფლ
7062,ლიდოკაინი-ლიქვო 2% 20მლ,353.0,13091,ლიდოკაინი-ლიქვო 2% 20მლ ფლ
8455,ლიდოკაინი-ლიქვო ეპინეფ.2% 20მლ,353.0,13093,ლიდოკაინი-ლიქვო ეპინეფ.2% 20მლ
41421,ლივ-ანგინი აეროზოლი 30მლ,871.0,58076,ლივ-ანგინი 0.15% 30მლ სპრეი
27168,ლივ-ანგინი ტაბ. თაფლ/ლიმონ.N16,871.0,30208,ლივ-ანგინი #16ტ საწ(თაფ/ლიმონ
27182,ლივ-ანგინი ტაბ. ჟოლოთი N16,871.0,30185,ლივ-ანგინი #16ტ საწუწნი(ჟოლო)
11887,ლიზლი SR კაფს. 75მგ N50,871.0,22787,ლიზლი SR 75მგ #50კაფს
12145,ლიზლი სიროფი 15მგ/5მლ 100მლ,871.0,24992,ლიზლი 15მგ/5მლ 100მლ სიროფი
11886,ლიზლი ტაბ. 30მგ N50,871.0,17234,ლიზლი 30მგ #50ტ
88838,ლინკომიცინი ამპ. 30% 1მლ N10,3469.0,139958,ლინკომიცინი 300მგ/მლ 1მლ #10ა(ვიეტ)
1055,ლინკომიცინი ჰ/ქლ კაფს.0.25 N20,87.0,10687,ლინკომიცინი ჰ/ქლ 0.25გ#20კ(კიე
29086,ლიპრიმარი ტაბ. 40მგ N30,1275.0,28273,ლიპრიმარი 40მგ #30ტ
86611,ლოპერამიდი სლავია კაფს.2მგ N10,817.0,96648,ლოპერამიდი(იმოდიუმი)სლავია2მგ#10კ
80657,ლუპარექსი ტაბ. N30,2048.0,123315,ლუპარექსი #30ტ
12719,მაგენოლი ხსნადი ტაბ. 100მგ N30,871.0,15242,მაგენოლი 100მგ #30ტ ხსნადი
9855,მაგიტრონი ტაბ. N50,871.0,21238,მაგიტრონი #50ტ             +
9854,მაგიტრონი შუშხ. ტაბ. N20,871.0,21237,მაგიტრონი #20ტ შუშხუნა     +
87058,მაგიტრონი შუშხ. ტაბ. N20,871.0,21237,მაგიტრონი #20ტ შუშხუნა     +
77592,მადერინი კაფსულა N30,3115.0,95052,მადერინი #30კაფს*
82221,მეგა როიალი საბავშ.ამპ.15მლN20,3268.0,97432,მეგა როიალ საბავშვო #20ფლ
12230,მედილოლი-დარნიცა ტაბ.60მგ N10*,25.0,23680,ვალიდოლი (მედილოლი)#10ტ(დარნ)
86064,მედიფოლი ტაბ.0.8მგ N30,3105.0,128249,"ფოლიუმის მჟ(მედიფოლი)0,8მგ#30ტ"
82544,მელატონოქსი რაპიდი სუბლ.ტაბN30,3268.0,97412,მელატონოქს რაპიდი#30ტ
9862,მელონი 100მლ ფლ,871.0,15075,მელონი 100მლ სიროფი ფლ
9856,მელონი ტაბ. N30,871.0,15074,მელონი #30ტ
83186,მემორიუმ ენერჯი კაფს.N60,3268.0,97415,მემორიუმ ენერჯი #60კაფს.
77636,მენოვაზინი 40მლ,966.0,1134,მენოვაზინი 40მლ ფლ
84922,მენოსტანი ტაბლეტი N60,2602.0,124893,მენოსტანი #60ტ
51682,მიგოფენი ტაბ.400მგ N10,871.0,72484,მიგოფენი 400მგ #10ტ
26081,მიდოპტიკი თვ.წვ. 2.5% 10მლ,353.0,9830,მიდოპტიკი(ფენილეფრინ)2.5% 10მლ
47869,მილსენა 50მგ.ტაბ.N10,871.0,68734,მილსენა 50მგ #10ტ
28223,მიტანგა ტაბ. 500მგ N10,871.0,32495,მიტანგა 500მგ #10ტ
76163,მობიკამი ამპ15მგ/1.5მლ 1.5მლN5,871.0,89674,მობიკამი 15მგ/1.5მლ 1.5მლ#5ა
41772,მობიკამი ტაბ.15მგ N20,871.0,59627,მობიკამი 15მგ #20ტ
78401,მოვალისი ტაბ. 15მგ N20,1272.0,10951,მოვალისი 15მგ #20ტ
1176,მოვალისი ტაბ. 7.5მგ N20,1272.0,3799,მოვალისი  7.5მგ  #20ტ
11894,მუსიტროლი კრემი 1% 15გ,871.0,15797,მუსიტროლი 1% 15გ კრემი
86699,მუსიტროლი ტაბ. 250მგ N14,2052.0,15796,მუსიტროლი 250მგ #14ტ
87813,ნატურმილი Ca+Mg ტაბ.N90,3268.0,97417,ნატურმილი-Ca+Mg #90ტ
83188,ნატურმილი L კარნიტ.1500მგ აN20,3268.0,97430,ნატურმილი-L-კარნიტინ1500მგ#20ა
86827,ნატურმილი ვირთ.ღვძ.ქონ400მგN90,3268.0,97425,ნატურმილი-ვირთევზას ქონი400მგ#90
86825,ნატურმილი ვიტ.D3 4000სე კაფN60,3268.0,97423,ნატურმილი-ვიტ D3 4000 სე #60კ
87448,ნატურმილი ვიტ.E 400სე კაფ.N60,3268.0,97424,ნატურმილი-ვიტ. E 400სე #60კაფს
82545,ნატურმილი კოენზ.Q10 პლუსი კN60,3268.0,97427,ნატურმილი-კოენზ. Q10 + #60კ
86826,ნატურმილი კრაზანა კაფ.300მგN90,3268.0,97437,ნატურმილი-კრაზანა 300 მგ #90ტ
87381,ნატურმილი სელენი ACE კაფს.N60,3268.0,97419,ნატურმილი-სელენი ACE #60კაფს
53726,ნებულაიზარი A3 რეგულირებადი,1825.0,65954,ნებულაიზერი Omron A3(რეგულირ)
70073,ნებულაიზერი C101,1825.0,89045,ნებულაიზერი Omron C101
53729,ნებულაიზერი Duo Baby+ასპირატ.,1825.0,73616,ნებულაიზერი OmronDUOBABY+ასპირ
38105,ნებულაიზერი კომპრ C28 საოჯახო,1825.0,30825,ნებულაიზერი Omron C28 საოჯახო
6363,ნეირომიდინი ტაბ. 20მგ N50,871.0,27932,ნეირომიდინი 20მგ #50ტ
75703,ნეიროქსონი ტაბ.500მგ N20,78.0,89204,ნეიროქსონი 500მგ #20ტ
75702,ნეიროქსონი ფლ.100მგ/მლ 45მლ,85.0,81738,ნეიროქსონი 10გ/100მლ 45მლ
90697,ნეპტა ნაზ.სპრეი 0.05% 140დოზა,1044.0,134114,ნეპტა 50მკგ 140დოზა სპრეი
85708,ნერმო ფლექსი ტაბ.N30,3374.0,127387,ნერმო ფლექსი #30ტ
86698,ნეფროტონი ტაბ.800მგ N180,1357.0,83217,ნეფროტონი 800მგ #180ტ
1221,ნიკოტინის მჟავა 1% 1მლ ამპ.N10,25.0,355,ნიკოტინის მჟავა 1% 1მლ#10ა დარ
1242,ნიტროგლიცერინი ტაბ. 0.5მგ N40,950.0,363,ნიტროგლიცერინი 0.5მგ #40ტ
84921,ნიტრონალი კაფს.200მგ N20,871.0,97625,ნიტრონალი 200მგ#20კაფს
84920,ნიტრონალი სუსპ.200მგ/5მლ 90მლ,871.0,123781,ნიტრონალი 200მგ/5მლ 90მლ სუსპ
1250,ნიტროსორბიდი 0.01გ ტაბ.N40,87.0,2807,ნიტროსორბიდი 0.01გ #40ტ(კიევი)
1263,ნოვოკაინი 0.5% 200მლ,795.0,3036,ნოვოკაინი 0.5% 200მლ ფლ
88903,ნომიპი ტაბ.10მგ N30,871.0,129109,ნომიპი 10მგ #30ტ
88904,ნომიპი ტაბ.20მგ N30,871.0,129110,ნომიპი 20მგ #30ტ
25155,ნონბლონ H ტაბ. 5/12.5მგ N20,871.0,28779,ნონბლონ H 5მგ/12.5მგ #20ტ
18357,ნონბლონი ტაბ. 5მგ N20,871.0,27960,ნონბლონი 5მგ #20ტ
62137,ნოოფენი კაფს.500მგ N24,871.0,84778,ნოოფენი 500მგ #24კაფს
63796,ნოოფენი პაკ.100მგ/გ 1გ N15,871.0,83407,ნოოფენი 100მგ/გ 1გ ფხვ#15პაკ
6207,ნოოფენი ტაბ. 250მგ N20,871.0,27120,ნოოფენი 250მგ #20ტ
1275,ნორვასკი ტაბ. 5მგ N30,1275.0,4050,ნორვასკი  5მგ #30ტ
78774,ნორვასკი ტაბ.10მგ N30,1275.0,4051,ნორვასკი 10მგ #30ტ
86041,ობლიტინი ტაბლეტი N30,2634.0,123262,ობლიტინი #30ტ
89722,ოკუთეარსი ალო+ PFMD 2% 10მლ,3437.0,96835,ოკუთეარსი ალო+PFMD2%10მლ თვ/წვ
81242,ოკუთეარსი თვ.წვ. 0.15% 10მლ,3247.0,55993,ოკუთეარსი 0.15% 10მლ თვ.წვეთი
87742,ოკუთეარსი ჰიდრო+ თვ.წვ.10მლ,3437.0,129262,ოკუთეარსი ჰიდრო+ 10მლ თვ.წვეთი
54213,ორტოფენი ტაბ.25მგ N30 *,670.0,1617,ორტოფენი 0.025გ #30ტ
66211,ოსტევინი შუშხ.ტაბ. N24,1936.0,85958,ოსტევინი #24ტ შუშხ
3194,ოტიპაქსი 16გ ყურის წვეთები,413.0,1567,ოტიპაქსი 16მლ ყურის წვეთები
81241,ოფთაგელი 2.5მგ/გ 10გ,1294.0,10252,ოფთაგელი 2.5მგ/გ 10გ(ხელ.ცრემ)
86094,ოფთან დექსა თვ.წვ.1მგ/მლ 5მლ,3281.0,5866,დექსამეტაზონ-ოფთანი 0.1% 5მლ
82397,ოფთან დექსამეტაზონი 1მგ/მლ 5მლ,3281.0,5866,დექსამეტაზონ-ოფთანი 0.1% 5მლ
82419,ოფთან თიმოლოლი თვ.წვ5მგ/მლ 5მლ,3281.0,1378,თიმოლოლ-ოფთანი 0.5% 5მლ ფლ
82395,ოფთან კატაქრომი თვ.წვ.10მლ,3281.0,394,ოფტან-კატახრომი 10მლ ფლ
82418,ოფთაქვიქსი თვ.წვ.5მგ/მლ 5მლ,3281.0,17632,ოფთაქვიქსი 0.5% 5მლ თვ.წვეთები
6901,ოფლოტასი  ტაბ. 200მგ  N10,871.0,28066,ოფლოტასი 200მგ #10ტ
2185,ოქსოლინის მალამო  0.25% 10გრ,966.0,66896,ოქსოლინის 0.25% 10გ მალ ტუბ
74042,პანდევიტი 4000სე კაფს.N60,2888.0,92130,პანდევიტი 4000სე #60კაფს
78777,პანდევიტი 400ერთ 10მლ სპრ.,2634.0,93403,პანდევიტი 400ერთ10მლ სპრეი
78776,პანდევიტი 400ერთ/2 წვთ.10მლ,2634.0,93402,პანდევიტი 400ერთ/2წვ10მლ წვ
88785,პანდევიტი კაფ.2000სე N120,2634.0,93401,პანდევიტი 2000სე #120კაფს
85707,პანდევიტი კაფ.4000სე N120,2634.0,126212,პანდევიტი 4000სე #120კაფს
86052,პანდევიტი ომეგა 3 კაფს.N60,1949.0,126680,პანდევიტი ომეგა 3#60კაფს
1352,პაპავერინი ჰ/ქლ 2% 2მლ ამპ.N10,25.0,404,პაპავერინი ჰ/ქლ2% 2მლ#10ა(დარნ
59004,პაპავერინის სან. 20მგ N10 ნიჟფ,67.0,991,პაპავერინი რ/სუპ.0.02გ#10(ნიჟფ
4365,პაპაზოლი ტაბ. N10 ბლისტერი,25.0,9466,პაპაზოლი #10ტ (დარნიცა)
59215,პერიდოქსი ტაბ.N30,871.0,80499,პერიდოქსი #30ტ
56046,პესტო სუპ. 10მგ N6,636.0,76421,პესტო 10მგ #6სუპოზ
28582,პესტო ტაბ. 10მგ N100,871.0,15800,პესტო 10მგ  #10ტ
36886,პიკოლაქსი ტაბ. 10მგ N30,871.0,49448,პიკოლაქსი 10მგ #30ტ
13339,პიკოლაქსი წვეთები 0.75% 15მლ,871.0,24720,პიკოლაქსი 0.75% 15მლ პერ/ხს
1426,პლატიფილინი ამპ. 0.2% 1მლ N10,252.0,796,პლატიფილინი ჰ/ტ 0.2% 1მლ #10ა
89766,პრედნიზოლი ამპ.30მგ/1მლ N3,1639.0,130714,პრედნიზოლ(პრედნიზოლი30მგ1მლ#3ა
1454,პრედნიზოლონი ამპ.30მგ/1მლ N3,25.0,440,პრედნიზოლონი 30მგ/1მლ #3ა
1455,პრედნიზოლონი ტაბ.  0.005გ N40,25.0,878,პრედნიზოლონი  5მგ #40ტ(დარნ)
76240,პრობილანსი კაფსულა N20,85.0,94794,პრობილანსი #20კაფს
76241,პრობილანსი პაკეტი N10,85.0,95096,პრობილანსი ფხვ#10პაკ
87815,პრობიტეკი ბეიბი წვეთები 10მლ,2048.0,135975,პრობიტეკი ბეიბი10მლ წვეთები
84953,პრობიტეკი კაფს.500მგ N30,871.0,76765,პრობიტეკი #30კაფს
58157,პრობიტეკი პლუსი კაფს.N30,2626.0,81330,პრობიტეკი პლუსი#30კაფს
89002,პრობიტეკი პლუსი კაფს.N30,2048.0,81330,პრობიტეკი პლუსი#30კაფს
1466,პროზერინი 0.05% 1მლ N10,25.0,445,პროზერინი 0.05% 1მლ #10ა (დარნ
72993,პურალიდი ლიპოგელი თვ.გელი 15მლ,281.0,92755,პურალიდ ლიპოგელი 15მლ ფლ
41906,რატიზოლი ტაბ. 10მგ N30,871.0,59628,რატიზოლი 10მგ #30ტ
41907,რატიზოლი ტაბ. 20მგ N30,871.0,59629,რატიზოლი 20მგ #30ტ
511,რაფაქოლინი C  დრაჟე N30,636.0,9520,რაფაქოლინი C #30დრ
6182,რაციოცეფი   1გ  ფლ.,871.0,25268,რაციოცეფი 1გ #1ფლ
81622,რაციოცეფი   1გ  ფლ.N50,871.0,25268,რაციოცეფი 1გ #1ფლ
25876,რელანტანი კაფს. 100მგ N30,871.0,15244,რელანტანი 100მგ #30კაფს
34978,რელანტანი კაფს. 200მგ N30,871.0,47603,რელანტანი 200მგ #30კაფს
61925,რინოსპრეი ცხვ.სპრეი 20მლ,1949.0,84148,რინოსპრეი 20მლ ნაზ/სპრეი
28008,რინოტაისი 10მლ სპრეი,622.0,28902,დ.ტაისი რინოტაისი 10მლ სპრეი
1532,რიფამპიცინი კაფს. 150მგ N20,87.0,10691,რიფამპიცინი 0.15გ #20კაფ(კიევი
5128,როქსიტასი ტაბ. 150მგ N10,871.0,24973,როქსიტასი 0.15გ#10ტ
14408,სალბესანი კრემი 15გ,871.0,15069,სალბესანი 15გ კრემი
81230,სალბი+ვიტ.C ტაბ.N24 Dr.THEISS,3244.0,9790,დ.ტაისი სალბი+ვიტ C #24ტ
1581,სალბუტამოლის აერ.200დოზა,1286.0,469,სალბუტამოლი 100მკგ/დ200დ.აეGSK
1591,სალიცილის მჟ.1% 40მლ სპირტხსნ.,966.0,4928,სალიცილის მჟ.1% 40მლ სპირტხსნ.
75213,სალოვერი ტაბ.0.4მგ N30,871.0,29845,სალოვერი 0.4მგ #30ტ
46145,სასწორი HN-289,1825.0,59946,სასწორი Omron HN-289
5464,სერეტიდი დისკუსი 50/100მკგ ინჰ,1286.0,9899,სერეტიდი დისკუსი 50/100მკგ ინჰ
5465,სერეტიდი დისკუსი 50/250მკგ ინჰ,1286.0,9900,სერეტიდი დისკუსი 50/250მკგ ინჰ
5466,სერეტიდი დისკუსი 50/500მკგ ინჰ,1286.0,9901,სერეტიდი დისკუსი50/500მკგ(ფრან
69374,სერპენს ნოვა კაფს. 320მგ N30,2048.0,90288,სერპენს ნოვა 320მგ #30კაფს
80633,სიდომოლ სპრეი 1.95მგ 30მლ,3223.0,89780,სიდომოლი 1.95მგ სპრეი
70241,სიდომოლ ქიდსი სიროფი 100მლ,2602.0,89444,სიდომოლ ქიდსი 100მლ სიროფი
59990,სიდომოლი კაფსულა N40,2048.0,79761,სიდომოლი #40კაფს
88771,სინოგალი ფლ. 1.5გ N1,871.0,43937,სინოგალი 1.5გ #1ფლ
84121,სინოგალი ფლ. 1.5გ N50,871.0,43937,სინოგალი 1.5გ #1ფლ
2253,სოლუ-მედროლი  500მგ ფლ.+გამხს.,1260.0,2896,სოლუ-მედროლი 500მგ ფლ+გამხსნ.
87664,სოლუ-მედროლი 1000მგ ფლ.+გამხს.,1260.0,2897,სოლუ-მედროლი 1000მგ ფლ+გამხსნ.
25200,სპერექსი კაფს. 250მგ N10,871.0,28931,სპერექსი 250მგ #10კაფს
27683,სპერექსი კაფს. 500მგ N10,871.0,31036,სპერექსი 500მგ #10კაფს
25244,სპერექსი ფლ. 125/5მლ,871.0,15067,სპერექსი 125მგ/5მლ 60მლ ფლ
9409,სტრეზამი კაპს. 50მგ N60,413.0,13904,სტრეზამი 50მგ #60კაფს
3939,სტრეპტომიცინი  1გ ფლ,78.0,500,სტრეპტომიცინის სულფატი 1გ #1ფლ
1696,სულფოკამფოკაინი 10% 2მლ N10,25.0,506,სულფოკამფოკაინ10% 2მლ #10ა დარ
70672,სუსპეო ბრონქო სირ.200მლ,2686.0,90102,სუსპეო ბრონქო 200მლ სიროფი
79925,ტამერი ტაბ.25მგ N30,871.0,95192,ტამერი 25მგ #30ტ
82420,ტაფლოტანი თვ.წვ.15მკგ/მლ 2.5მლ,3281.0,30705,ტაფლოტანი 15მკგ/მლ 2.5მლ თვ/წვ
76530,ტესორო ისლა საწ.ტაბ.N20,3115.0,93118,ტესორო ისლა#20ტ საწ.
69324,ტესორო სიროფი 125მლ,636.0,79241,ტესორო 125მლ სიროფი
8363,ტეტრაკაინი თვ.წვ.1% 10მლ ფლ,353.0,9829,ტეტრაკაინი თვ/წვ 1% 10მლ ფლ
58678,ტეტრაციკლინი 0.1 ტ.N20 ვიტამინ,670.0,1559,ტეტრაციკლინი ჰ/ქლ 0.1გ #20ტ
1748,ტეტრაციკლინი 0.1 ტაბ.N20,87.0,1559,ტეტრაციკლინი ჰ/ქლ 0.1გ #20ტ
1752,ტეტურამი ტაბ. 150მგ N10,87.0,1796,ტეტურამი  0.15გ #10ტ
1753,ტიბერალი ტაბ. 500მგ  N10,1044.0,3221,ტიბერალი 500მგ #10ტ
75700,ტიოცეტამი ამპ.100/25მგ  5მლN10,85.0,23763,თიოცეტამი 5მლ #10ა
75699,ტიოცეტამი ამპ.100/25მგ 10მლN10,85.0,23764,თიოცეტამი 10მლ #10ა
32719,ტოპტი კაფს. 250მგ N10,871.0,43003,ტოპტი 250მგ #10კაფს
32721,ტოპტი სუსპ. 200მგ/5მლ 15მლ,871.0,43005,ტოპტი 200მგ/5მლ 15მლ სუსპ
32720,ტოპტი ტაბ. 500მგ N10,871.0,134297,ტოპტი 500მგ #6ტ
90323,ტოპტი ტაბლეტი 500მგ N6,871.0,134297,ტოპტი 500მგ #6ტ
87814,ტრიგლიკოლი ნორმი 7პლუსი ტაბN30,3268.0,97438,ტრიგლიკოლი ნორმი 7 #30კაფს.
4330,ტრიფტაზინი  ამპ. 0.2% 1მლ  N10,25.0,3941,ტრიფტაზინი 0.2% 1მლ #10ა(დარნ)
88890,ტურქტიპს.ნეოსტიგმინი 0.5/1მლN6,3472.0,123556,რეფ.სტ.ნეოსტიგმინ სულფატი11.02გ
13183,ულცერონი N14 ბლისტერი,871.0,135574,ულცერონი-კიტი#14კომბ.ნაკრები
87872,ულცერონი-კიტი N14 ბლისტერი,871.0,135574,ულცერონი-კიტი#14კომბ.ნაკრები
58519,ურისეპტი შუშხ.ტაბ.N20,2636.0,80354,ურისეპტი #20ტ შუშხ
1815,უროლესანი 25მლ,85.0,1076,უროლესანი 25მლ ფლ
86037,უროლესანი კაფს.N40,78.0,81705,უროლესანი #40კაფს
28663,ფარინგოსპრეი 20მლ სპრეი,1949.0,80311,ფარინგოსპრეი 20მლ აეროზოლი*
3514,ფენკაროლი ტაბ.10მგ N20,871.0,29556,ფენკაროლი 10მგ #20ტ
1836,ფენკაროლი ტაბ.25მგ N20,871.0,29607,ფენკაროლი 25მგ #20ტ
63795,ფენკაროლი ტაბ.50მგ N10,871.0,83896,ფენკაროლი 50მგ #10ტ
63773,ფეროვიტი სიროფი 50მგ/5მლ 100მლ,871.0,83922,ფეროვიტი 50მგ/5მლ100მლ სიროფი
63774,ფეროვიტი-ავერსი საღ.ტ.100მგN30,871.0,85603,ფეროვიტი-ავერსი 100მგ #30საღ.ტ
76091,ფერუმნესტი B კაფს.N30,3115.0,93119,ფერუმნესტი B #30კაფს
76092,ფერუმნესტი F კაფს.N30,3115.0,93120,ფერუმნესტი F #30კაფს
36899,ფილიგრა ტაბ.  50მგ N1,871.0,49062,ფილიგრა  50მგ #1ტ
36900,ფილიგრა ტაბ. 100მგ N1,871.0,49063,ფილიგრა 100მგ #1ტ
69372,ფლებილი D კაფს. N30,2048.0,90287,ფლებილ D #30კაფს
81315,ფლებილი M კრემ-გელი 50გ,3249.0,62156,ფლებილი M 50გ კრემ-გელი
43825,ფლებილი M კრემ-გელი 50გ.,2014.0,62156,ფლებილი M 50გ კრემ-გელი
9072,ფლოქსადექსი წვ. თვ/ყურის 10მლ.,353.0,16881,ფლოქსადექსი 10მლ სუს.თ/ყ(ლიქვ
79917,ფოსფომიცინი ARISTO 3გრ პაკ.N1,3195.0,124502,ფოსფომიცინი არისტ3გ#1პ(მონურალ
82398,ფოტილი თვ.წვ.20მგ/5მგ 5მლ,3281.0,1379,ფოტილი  20მგ/6.84მგ 5მლ  ფლ
82399,ფოტილი ფორტე თვ.წვ40მგ/5მგ 5მლ,3281.0,7080,ფოტილი ფორტე 40მგ/6.84მგ 5მლ 
1890,ფურაგინი ტაბ. 0.05გ N30,78.0,801,ფურაგინი 0.05გ #30ტ
69674,ქალმი N კაფსულა N20,2048.0,90285,ქალმი N #20კაფს
48275,ქალმი ბალზამი 250მლ,1949.0,68752,ქალმი 250მლ ბალზამი
58907,ქლორჰექსიდ-ბიგლ.0.05%100მლ ბელ,21.0,1292,ქლორჰექსიდ-ბიგლუკონ.0.05%100მლ
28224,ქოლერონი კაფს. 300მგ N20,871.0,33224,ქოლერონი 300მგ #20კაფს
48273,შელსი ტაბ.1000მგ N14,871.0,70474,შელსი-ავერსი 875/125მგ#14ტ
82602,შელსი ფხვ.სუს.228.5მგ/5მლ 70მლ,871.0,123615,შელსი 228მგ/5მლ 70მლ სუსპ
82601,შელსი ფხვ.სუსპ.457მგ/5მლ 70მლ,871.0,127195,შელსი 457მგ/5მლ 70მლ სუსპ
85722,ცაინფარმა ომეგა3 კ.1000მგ N140,2846.0,95813,ცაინფ-ომეგა 3 1000მგ#140კაფს
40463,ცაიტოტეკი ტაბ.200მკგ N60,1992.0,36365,ცაიტოტეკი 200მკგ #60ტ
59921,ცენტროვიტი G ჟენშ.შუშხ.ტაბ.N20,2636.0,80310,ცენტროვიტი ჟენშენით#20ტ შუშ
59920,ცენტროვიტი მინერალ.შუშ.ტაბ.N20,2636.0,80357,ცენტროვიტი მინერალები#20ტ შუშ
10099,ცენტროვიტი ტაბ. N30,871.0,15515,ცენტროვიტი #30ტ          +
13543,ცეტეკი ტაბ. 10მგ N20,871.0,25950,ცეტეკი 10მგ #20ტ
4513,ციპროფლოქსაცინი 0.3% 10მლ თვ.წ,353.0,8818,ციპროფლოქსაცინი 0.3%10მლ თვ(ლიქ
4366,ციტრამონი ტაბ. N6 ბლისტერი,25.0,9526,ციტრამონი   #6ტ  (დარნიცა)
71426,წნევის აპარ M1 BASIC,1825.0,91996,წნევის აპ.Omron M1 Basic
38109,წნევის აპარ M2 მკლავ ავტომატურ,1825.0,37098,წნევის აპ.Omron M2
54152,წნევის აპარ M3 Comfort,1825.0,70672,წნევის აპ.Omron M3 Comfort
38110,წნევის აპარ M3 მკლავ ავტომატურ,1825.0,37099,წნევის აპ.Omron M3
43250,წნევის აპარ M6 Comfort,1825.0,30814,წნევის აპ.Omron M6 Comfსაოჯახო
66707,წნევის აპარ M7-IT დ/ეკრანით,1825.0,86510,წნევის აპ.Omron M7-ITდ/ეკრანით
43247,წნევის აპარ RS1 მაჯის,1825.0,62958,წნევის აპ.Omron RS1 მაჯის
43248,წნევის აპარ RS2 მაჯის,1825.0,62959,წნევის აპ.Omron RS2 მაჯის
66706,წნევის აპარ RS4 მაჯის,1825.0,83244,წნევის აპ.Omron RS4 მაჯის
38098,წნევის აპარ. დენის ადაპტორი AC,1825.0,82949,ადაპტორი დენის Omron უნივერსალ
5238,ხველების სიროფი მრავალძ.100მლ,622.0,13855,დ.ტაისი მრავალძ100მლ სირ.მუკოპ
527,ჰემოროლი სუპოზიტორია N12,636.0,9519,ჰემოროლი #12სუპოზ.
76164,ჰეპარინის მალამო 25გ,67.0,167,ჰეპარინის მალამო 25გ ტუბ(ნიჟფ.
80631,ჰეპოლამი ფიტო კაფს. N30,871.0,94732,ჰეპოლამი ფიტო #30კაფს
86612,ჰერნიზონი წვეთები 800მგ/გ 20მლ,85.0,95073,ჰერნიზონი 20მლ წვეთები
86613,ჰერნიზონი წვეთები 800მგ/გ 50მლ,85.0,95075,ჰერნიზონი 50მლ წვეთები
8361,ჰერპევირ-კმპ მალამო 2.5% 15გ,78.0,10489,აციკლოვ.ჰერპევირ-კმპ2.5%15გ მა
28017,ჰერპევირი მალამო 2.5% 5გ,78.0,29857,აციკლოვ.ჰერპევირ-კმპ2.5% 5გ მა
2078,"ჰიდროკორტიზონი თვ.მალ.0,5% 3.0",919.0,48719,ჰიდროკორტიზონ0.5%3გ თვ.მალ(არპ
9348,ჰიდროკორტიზონი მალამო 1% 15გ,919.0,83339,ჰიდროკორტიზონი 1%15გ მალ(არპიმ
2089,ჰიპოტიაზიდი ტაბ. 25მგ N20,23.0,6146,ჰიპოთიაზიდი 25მგ #20ტ (იმპ)
87961,ჰიპოტიაზიდი ტაბ. 25მგ N20,3171.0,6146,ჰიპოთიაზიდი 25მგ #20ტ (იმპ)
91259,დუაკი გელი 10მგ+50მგ/გ 15გ,,43814,დუაკი 10მგ+50მგ/გ 15გ გელი
161,ატროპინი 1% 5მლ ფლ,,1769,ატროპინის სულფატი 1% 5მლ თვ/წვ
57358,ბრევიპროსტი თვ.წვ.0.004% 2.5მლ,,66653,ბრევიპროსტი 0.004% 2.5მლ თვ/წვ
93463,დაფლოზინი ტაბ.10მგ N30,,138542,დაფლოზინი 10მგ #30ტ
91967,ვიტამინი E კაფს.400სე N30,,139353,ვიტ E (ევიტასი)400სე #30კაფს 
93037,თეზოლი ტაბლეტი 40მგ N20,,135718,თეზოლი 40მგ #20ტ
91950,თეზოლი ტაბლეტი 20მგ N20,,136199,თეზოლი 20მგ #20ტ
91966,კალციტრონი სიროფი 150მლ,,96302,კალციტრონი 150მლ სიროფი
92059,კოსოფტი უკონს.თვ.წვ20/5მგ 10მლ,,70458,კოსოფტი 20მგ/5მგ 10მლ თვ.წვეთე
3005,ლამიქტალი ტაბ. 50მგ N30,,2658,ლამიქტალი  50მგ #30ტ
54521,მენოვაზანი მალამო 40გრ,,34261,მენოვაზანი 40გ მალამო ტუბ.
92745,მუსიტროლი ტაბ. 250მგ N14,,15796,მუსიტროლი 250მგ #14ტ
1199,სტრეპტოციდი ტაბ. 0.3გ N10,,10606,სტრეპტოციდი 0.3გ #10ტ
93133,ფიტოსედი წვეთები 25მლ,,144463,ფიტოსედი 25მლ ფლ*
82825,აქტოვეგინი ტაბ.200მგ N50,,3310,აქტოვეგინი 200მგ #50ტ
82824,აქტოვეგინი ამპ.40მგ/მლ 5მლ N5,,1093,აქტოვეგინი 40მგ/მლ 5მლ #5ა
82823,აქტოვეგინი ამპ.40მგ/მლ 2მლ N25,,7,აქტოვეგინი 40მგ/მლ 2მლ #25ა
91951,"ეტოზონი ტაბლეტი 90მგ N28
",,126541,ეტოზონი 90მგ #28ტ
69474,არიქსტრა 2.5მგ/0.5მლ შპრიციN10,,51072,არიქსტრა 2.5მგ/0.5მლ შპრიცი#10
34796,ემლა კრემი 5გ N5 ტუბი,,13236,ემლა 5% 5გ #5 კრემი
996,ლამიქტალი ტაბ.100მგ N30,,2659,ლამიქტალი 100მგ #30ტ
88039,ოვესტინი ვაგინ.კრემი 1მგ/გ 15გ,,3171,ოვესტინი 1მგ/1გ 15გ ვაგ.კრემი
79853,პლავიქსი შ.ტაბ. 75მგ N30,,81355,პლავიქსი 75მგ #30ტ(საფრ)
2529,პლაქვენილი ტაბ. 200მგ N60,,6970,პლაქვენილი 200მგ #60ტ
25256,სოლიანი ტაბ. 400მგ N30,,29104,სოლიანი 400მგ #30ტ
93153,ციტრამონი ტაბ. N6,,9526,ციტრამონი   #6ტ  (დარნიცა)
