,კოდი psp,მედიკამენტი,ქარხ.კოდი,არტიკული,საქონლის დასახელება
0,473,დექსამეტაზონი ამპ.4მგ/1მლ N25,,1009,დექსამეტაზონი 4მგ/1მლ #25ა
1,6896,დექსამეტაზონი ამპ.4მგ/1მლ N25,,1009,დექსამეტაზონი 4მგ/1მლ #25ა
2,54979,კომბიპრასალი საინჰ.ამპ2.5მლN20,,78649,კომბიპრასალი0.5/2.5მგ2.5მლ#20ა
3,48728,ლაქტო-G კიდსი ფლ.N10 GMP,,71012,ლაქტო G ქიდსი #10ფლ
4,19494,ლინკასი საწ.ტაბ. N16 პიტნით,,15961,ლინკასი #16ტ პიტნით
5,45046,ნემოლიქს C3 რბილი კაფს. N30,,66276,ნემოლიქს C3 #30კაფს
6,79316,ბუდესონიდი 10მლ საინჰალაც.ხსნ.,,91387,ბუდესონიდი ნაზალ ალდ-უნ10მლ სპ
7,78299,ამვილაბი/მულტივიტამინები კ.N30,,97774,მულტივიტამინები ამვილაბი#30კ
8,81036,ჰარტილი-D ტაბ. 5/25მგ N28,,25060,ჰარტილ D 5მგ/25მგ #28ტ
9,81998,გლუკოგიმი ტაბ.N30,,93767,გლუკოგიმი #30ტ
10,82238,ტერბიზილი ტაბ. 250მგ N28,,12217,ტერბისილი 250მგ #28ტ
11,82479,ლაქტო-G კიდსი ფლ.N10 GMP,,71012,ლაქტო G ქიდსი #10ფლ
12,85569,კომბიპრასალი საინჰ.ამპ2.5მლN20,,78649,კომბიპრასალი0.5/2.5მგ2.5მლ#20ა
13,28459,ტერბისილი ტაბ. 250მგ N28,,12217,ტერბისილი 250მგ #28ტ
14,11981,ჰარტილი-D ტაბ. 5/25მგ N28,,25060,ჰარტილ D 5მგ/25მგ #28ტ
15,58009,პერუფენი 100მგ/5მლ 100მლ ფორთ,,81424,პერუფენი 100მგ/5მლ 100მლ სუსპ.
16,57796,პერუფენი 100მგ/5მლ 100მლ მარწყ,,81424,პერუფენი 100მგ/5მლ 100მლ სუსპ.
17,60162,ლინკასი საწ.ტაბ.უშაქ.N16 პიტნა,,15961,ლინკასი #16ტ პიტნით
18,59253,რინგერი 500მლ B/BRAUN,,30557,რინგერი 500მლ #1ფლ (გერმ)
19,62839,ნემოლიქს C3 ტაბ.N30,,66276,ნემოლიქს C3 #30კაფს
20,50480,ლიდაზა ფლ. 64ერთ N10,,6791,ლიდაზა 64ერთ #10ფლ
21,29562,ლიდაზა ამპ. 64ერთ N10,,6791,ლიდაზა 64ერთ #10ფლ
22,1526,რინგერი 500მლ,,30557,რინგერი 500მლ #1ფლ (გერმ)
23,65742,ამვილაბი/მაგნიუმ B6 ტაბ.N50,,36863,მაგნიუმ B6 ამვილაბი #50ტ
24,73615,გლუკოგიმი ტაბ. N30,,93767,გლუკოგიმი #30ტ
25,75190,სულციდი ფლ.1.5გ+3.5მლ გამხს.N1,,95041,სულციდი 1გ/0.5გ#1ფლ+გამხს
26,64500,ტიროტრიცინი ტაბ. N20,,90195,ტიროთრიცინი პროვიტა#20ტ საწ.
27,68695,ბუდესონიდი ცხვ.სპრ.100მკგ 10მლ,,91387,ბუდესონიდი ნაზალ ალდ-უნ10მლ სპ
28,76323,დექსამეტაზონი ამპ.4მგ/1მლ N25,,1009,დექსამეტაზონი 4მგ/1მლ #25ა
29,89979,სულციდი ფლ.1.5გ+3.5მლ გამხს.N1,,95041,სულციდი 1გ/0.5გ#1ფლ+გამხს
30,29637,,,36863,მაგნიუმ B6 ამვილაბი #50ტ
31,80207,,,97774,მულტივიტამინები ამვილაბი#30კ
32,89532,,,144636,დოპელჰერცი აქტივი A-Z #40ტ
33,45700,,,67102,დოპელჰერცი აქტივCa+D3ოსტეო#15ტ
34,75813,,,95163,დოპელჰერცი კალციოვინი#30ტ
35,87467,,,143124,დოპელჰერც აქტ.ჩაი დიდგულა ვიტ.CდაZn#10პაკ
36,87470,,,143109,დოპელჰერცი აქტ.ჩაი სალბი თაფ/მენთ#10პაკ
37,86381,,,90195,ტიროთრიცინი პროვიტა#20ტ საწ.
38,58866,3-გელი სუსპ.10მლ N20 პაკეტი,,83891,3-გელი 10მლ #20პაკ
39,4,5-ნოკი დრ. 50მგ N50,,3,5-ნოკი  0.05გ #50ტ
40,27044,აგრეგანი ტაბ. 75მგ N30 GMP,,30539,აგრეგანი  75მგ #30ტ GMP
41,27045,აგრეგანი ტაბ. 100მგ N30 GMP,,30537,აგრეგანი 100მგ #30ტ GMP
42,27046,აგრეგანი ტაბ. 150მგ N30 GMP,,30538,აგრეგანი 150მგ #30ტ GMP
43,35533,ადენიტ ფორტე ამპ.N3+გამხN3 GMP,,48808,ადენიტ ფორტე #3ა+2მლ გამხს.
44,5798,ადენო-რიცი კაფს. N20       GMP,,11757,ადენო-რიცი #20კაფს
45,6173,ადიპინი ტაბ.  5მგ N30      GMP,,12179,ადიპინი  5მგ #30ტ GMP
46,6174,ადიპინი ტაბ. 10მგ N30      GMP,,12180,ადიპინი 10მგ #30ტ GMP
47,34896,ადიპრილი ტაბ. 5/10მგ N30   GMP,,47416,ადიპრილი 5მგ/10მგ #30ტ GMP
48,34895,ადიპრილი ტაბ. 5/5მგ N30    GMP,,47417,ადიპრილი 5მგ/5მგ #30ტ GMP
49,49297,ადორა ქილა 150გ,,71545,ადორა 150გ(ეპიმედიუმის კომ)ქილ
50,49298,ადორა პაკეტი 15გრ,,71546,ადორა 15გ #1პაკეტი
51,51804,აერტალი პაკ.100მგ/3გ N20,,75713,აერტალი #20პაკ
52,29852,აერტალი ტაბ. 100მგ N60,,11397,აერტალი 100მგ #60ტ
53,35124,ავილაკი კაფს. N30,,50765,ავილაკი #30კაფს
54,58381,აზაპენტოლი თვ.წვ.0.015% 15მლ,,81784,აზაპენტოლი 0.015% 15მლ თვ/წვეთ
55,29044,აზარგა თვალის წვ. 5მლ,,30020,აზარგა 5მლ ფლ #1ფლ თვ.წვეთები
56,54800,აზენკური კაფსულა N60 GMP,,78151,აზენკური Formula Prostata#60კ
57,34337,აზიბიოტი ტაბ. 500მგ N3,,46384,აზიბიოტი 500მგ #3კაფს
58,30634,აზიმაკი 200მგ/5მლ ფხვ.სუსპ.GMP,,37604,აზიმაკი 200მგ/5მლ 15მლ სუსპ.
59,6144,აზიმაკი  კაფს. 250მგ  N6   GMP,,12079,აზიმაკი 250მგ #6კაფს GMP
60,6105,აზიმაკი  კაფს. 500მგ  N3   GMP,,12063,აზიმაკი 500მგ #3კაფს GMP
61,9859,აზოპტი თვ.წვეთები 1% 5მლ,,11999,აზოპტი 1% 5მლ თვ.წვეთები
62,43549,ათეროლიპი კაფს. N30,,64742,ათეროლიპი #30კაფს
63,59565,აკნეს ფორმულა კაფს.N30,,83399,აკნეს ფორმულა#30კაფს
64,38713,ალბეზი ტაბ. 200მგ N5  GMP,,55577,ალბეზი 200მგ #5ტ GMP
65,11217,ალბუციდი 30% 10მლ ფლ,,17,ალბუციდი  30% 10მლ #1ფლ
66,10334,ალგესტინი გელი 40გ,,25014,ალგესტინი 40გ გელი
67,27835,ალერტეკი ტაბ. 10მგ N20    GMP,,9856,ალერტეკი 10მგ #20ტ GMP
68,27700,ალზეპილი ტაბ. 10მგ N28,,32265,ალზეპილი 10მგ #28ტ
69,27701,ალზეპილი ტაბ.  5მგ N28,,32263,ალზეპილი 5მგ #28ტ
70,34512,ალზოლი მალამო 45გ,,46852,ალზოლი 45გ მალამო
71,47166,ალორტია ტაბ.100მგ/10მგ N30,,69581,ალორტია 100მგ/10მგ #30ტ
72,47167,ალორტია ტაბ.100მგ/5მგ N30,,69582,ალორტია 100მგ/5მგ #30ტ
73,47168,ალორტია ტაბ.50მგ/5მგ N30,,69586,ალორტია 50მგ/5მგ #30ტ
74,32155,ალოტენდინი ტაბ. 10მგ/10მგ N30,,43022,ალოტენდინი 10მგ/10მგ #30ტ
75,32156,ალოტენდინი ტაბ. 10მგ/5მგ N30,,43014,ალოტენდინი 10მგ/5მგ #30ტ
76,32153,ალოტენდინი ტაბ.  5მგ/10მგ N30,,43018,ალოტენდინი 5მგ/10მგ #30ტ
77,32154,ალოტენდინი ტაბ.  5მგ/5მგ N30,,43010,ალოტენდინი 5მგ/5მგ #30ტ
78,10742,ალფენი ტაბ. 70მგ N4,,23847,ალფენი-სანოველი 70მგ #4ტ
79,58702,ამატრიქსი კაფს.10მგ N28,,82097,ამატრიქსი 10მგ #28კაფს
80,58703,ამატრიქსი კაფს.25მგ N28,,82099,ამატრიქსი 25მგ #28კაფს
81,58705,ამატრიქსი კაფს.40მგ N28,,82100,ამატრიქსი 40მგ #28კაფს
82,41531,ამევიტი ქიდს საღ.ტ.მარმელა.N30,,60988,ამევიტი ქიდს საღ.მარმელადი#30
83,39644,ამეტრიფსი კაფს. N30,,56913,ამეტრიფსი #30ტ
84,42574,ამვი ნაითი კაფს. N30,,65043,ამვი ნაითი #30კაფს
85,37947,ამვიტიონი კაფს. N30,,53119,ამვიტიონი 600მგ #30კაფს
86,32932,ამიბაკი საინ.ხსნ. 500მგ/2მლ N1,,44256,ამიბაკი 500მგ/2მლ 2მლ #1ფლ
87,39418,ამლესა ტაბ. 4მგ/10მგ N30,,56354,ამლესა 4მგ/10მგ #30ტ
88,39419,ამლესა ტაბ. 4მგ/5მგ N30,,56353,ამლესა 4მგ/5მგ #30ტ
89,39420,ამლესა ტაბ. 8მგ/10მგ N30,,56356,ამლესა 8მგ/10მგ #30ტ
90,39421,ამლესა ტაბ. 8მგ/5მგ N30,,56355,ამლესა 8მგ/5მგ #30ტ
91,48705,ამლოვალტანი ტაბ.5/80მგ N14 GMP,,71073,ამლოვალტანი 5მგ/80მგ #14ტ
92,8353,ამლოკარდი ტაბ.  5მგ N30,,15197,ამლოკარდი  5მგ #30ტ
93,8354,ამლოკარდი ტაბ. 10მგ N30,,15198,ამლოკარდი 10მგ #30ტ
94,9158,ამოქსიკლავი 2X ტაბ. 1000მგ N10,,17572,ამოქსიკლავი 2X 1000მგ #10ტ
95,40492,ამოქსიკლავი 2X 457/5მლ 70მლ,,57840,ამოქსიკლავი 2X 457მგ/5მლ 70მლ
96,9159,ამოქსიკლავი 2X ტაბ. 625მგ N10,,17502,ამოქსიკლავი 2X 625მგ #10ტ
97,47102,ამპიბაქტი ფლ. 1.5გ N1   GMP,,70599,ამპიბაქტი 1.5გ #1ფლ GMP
98,10690,ამპრილანი ტაბ.  5მგ N30,,28171,ამპრილანი  5მგ #30ტ
99,10691,ამპრილანი ტაბ. 10მგ N30,,28172,ამპრილანი 10მგ #30ტ
100,25113,ამპრილანი HD ტაბ. N30,,29046,ამპრილანი HD 5მგ/25მგ #30ტ
101,25114,ამპრილანი HL ტაბ. N30,,29047,ამპრილანი HL 2.5მგ/12.5მგ #30ტ
102,11175,ამრა ტაბ. 2/0.625მგ N30 GMP,,23848,ამრა 2მგ/0.625მგ #30ტ GMP
103,53905,ამრა-ბი ფორტე ტ.2.5/8.მგN30GMP,,76472,ამრა ბი ფორტე 8მგ/2.5მგ #30ტ
104,11174,ამრა ფორტე ტაბ 4/1.25 N30 GMP,,23849,ამრა ფორტე 4მგ/1.25მგ #30ტ GMP
105,34137,ამრადიპინი ტაბ.4მგ/10მგN30 GMP,,46239,ამრადიპინი 4მგ/10მგ #30ტ
106,34136,ამრადიპინი ტაბ.4მგ/5მგ N30 GMP,,46569,ამრადიპინი 4მგ/5მგ #30ტ
107,34139,ამრადიპინი ტაბ.8მგ/10მგN30 GMP,,46240,ამრადიპინი 8მგ/10მგ #30ტ
108,34138,ამრადიპინი ტაბ.8მგ/5მგ N30 GMP,,46570,ამრადიპინი 8მგ/5მგ #30ტ
109,10697,ანასპანი ტაბ. 10მგ N20  GMP,,23579,ანასპანი 10მგ #20ტ GMP
110,31405,ანაურანი ყურის წვეთები 25მლ,,43535,ანაურანი 25მლ ყურის წვეთები
111,29484,ანაფრანილი ტაბ. 25მგ N30,,2448,ანაფრანილი 25მგ #30ტ
112,53197,აპეტიტ პლუსი სიროფი 150მლ,,78312,აპეტიტ პლუსი150მლ სიროფი
113,131,არდუანი ფხვნ.ინექ.4მგ 2მლ N25,,1146,არდუანი 4მგ/2მლ #25ა
114,38319,არიპეგისი ტაბ. 10მგ N28,,54860,არიპეგისი 10მგ #28ტ
115,38320,არიპეგისი ტაბ. 15მგ N28,,55326,არიპეგისი 15მგ #28ტ
116,44159,არიფამი ტაბ. 1.5მგ/10მგ N30,,64598,არიფამი 1.5მგ/10მგ #30ტ
117,44160,არიფამი ტაბ.  1.5მგ/5მგ N30,,64599,არიფამი 1.5მგ/5მგ #30ტ
118,4109,არიფონი რეტ.ტაბ.1.5მგ N30,,9274,არიფონი რეტარდი 1.5მგ #30ტ
119,35312,არკოქსია ტაბ. 120მგ N7,,37621,არკოქსია 120მგ #7ტ
120,40608,არტიზი ტაბ. N30,,59469,არტიზი #30ტ
121,55215,არტიზი კრემი  50 მლ,,81159,არტიზი 50მლ კრემი
122,38504,არტჰარალი ტაბ. N30,,54199,არტჰარალი #30ტ
123,11928,არჯელონი ტაბ.2.5მგ N30,,24895,არჯელონი  2.5მგ #30ტ GMP
124,11929,არჯელონი ტაბ.5მგ N30,,24896,არჯელონი  5მგ #30ტ GMP
125,11930,არჯელონი ტაბ.10მგ N30,,24894,არჯელონი 10მგ #30ტ GMP
126,11931,არჯელონი-H 5მგ/25მგ N30,,24897,არჯელონი H 5მგ/25მგ #30ტ GMP
127,11932,არჯელონი-HL 2.5მგ/12.5მგ N30,,24898,არჯელონი HL 2.5/12.5მგ #30ტGMP
128,51754,ასტერა ტაბ.N30,,74383,ასტერა #30ტ
129,1967,ატენორიკი ტაბ. 0.125გ N20  GMP,,11075,ატენორიკი 125მგ #20ტ GMP
130,12495,ატორისი ტაბ. 10მგ N30,,25462,ატორისი 10მგ #30ტ
131,12496,ატორისი ტაბ. 20მგ N30,,25463,ატორისი 20მგ #30ტ
132,19630,ატორისი ტაბ. 40მგ N30,,37800,ატორისი 40მგ #30ტ
133,12494,აციკი კრემი 5% 2გ,,10129,აციკი კრემი 5% 2გ ტუბი
134,11967,აციკლოვირი(ვივორ)200მგ N10,,13055,აციკლოვირი(ვივორაქსი)200მგ#10ტ
135,2950,აცც 100მგ შუშხუნა ტაბ. N20,,5600,აცც 100მგ #20ტ შუშხუნა
136,2951,აცც 200მგ შუშხუნა ტაბ. N20,,5599,აცც 200მგ #20ტ შუშხუნა
137,52326,აცც პედიატ.ხსნარი20მგ/მლ 100მლ,,75832,აცც 20მგ/მლ 100მლ ხს.ბავშ#1ფლ
138,51323,აცც ექსტრა 600მგ შუშხ.ტაბ.N10,,73921,აცც ექსტრა 600მგ #10ტ.შუშხ
139,51327,ბანეოცინი ფხვ250+5000სე 10გ N1,,10907,ბანეოცინი 10გ ფხვნილი
140,4102,ბანეოცინი მალამო 20გ,,11036,ბანეოცინი 20გ მალამო ტუბ.
141,219,ბაქტოქსი(ამოქს) ფხვნ.სუსპ.250,,2813,ბაქტოქსი(ამოქსაც)250მგ/5მლ60მლ
142,53409,ბებიფენი 100მლ სუსპენზია,,76554,ბებიფენი 100+162.5მგ/5მლ100მლ
143,53312,ბეიბიხოლი სიროფი 100მლ,,75922,ბეიბიხოლი 100მლ სიროფი
144,42658,ბეკლოგენი კრემი 30გ,,63382,ბეკლოგენი 30გ კრემი
145,46174,ბელარა ტაბ. 2მგ/0.03მგ N21,,69985,ბელარა 2მგ/0.03მგ #21ტ
146,29538,ბენეტი სპრეი 30მლ,,36349,ბენეტი 0.15% 30მლ სპრეი
147,53340,ბენეტი ეკო სპრეი 0.15% 15მლ,,75926,ბენეტი ეკო 0.15% 15მლ ორალ.სპრ
148,40257,ბენეტი პლიუსი გარგლი ხსნ.200მლ,,64235,ბენეტი პლიუსი გარგლი 200მლ ხსნ
149,35126,ბენეტი პლიუსი სპრეი 30მლ,,48412,ბენეტი პლუსი 30მლ ორალ.სპრეი
150,52518,ბენზილორი საწ.ტაბ.5მგ/5მგ N20,,75321,ბენზილორი 5მგ/5მგ#20ტ საწ.
151,254,ბეტადინი ვაგინალ.200მგ N14,,1752,ბეტადინი 200მგ #14ვაგ.სუპოზ
152,255,ბეტადინი მალამო 20.0,,1753,ბეტადინი მალამო 20გ
153,258,ბეტადინი ხსნარი 1000მლ.,,1754,ბეტადინი ხსნარი 10% 1000მლ
154,259,ბეტადინი ხსნარი  120მლ.,,1755,ბეტადინი ხსნარი 10% 120მლ ფლ
155,260,ბეტადინი ხსნარი   30მლ.,,5108,ბეტადინი ხსნარი 10% 30მლ
156,41865,ბიდოპი ტაბ.  5მგ N28,,64144,ბიდოპი  5მგ #28ტ
157,56887,ბივიტალი გრანულა 50გრ,,80687,ბივიტალი 50გ გრან.#1ფლ
158,36371,ბიკომპლექსი ფლ. 6მლ N10,,50039,ბიკომპლექსი 6მლ ორალ.ხსნ.#10ფლ
159,6880,ბილობა რიცი კაფს. 40მგ N20 GMP,,12987,ბილობა-რიცი 40მგ #20კაფს
160,11784,ბილობა რიცი ფორტე კაფ.80მგ N20,,24554,ბილობა-რიცი ფორტე 80მგ #20კაფს
161,264,ბილობილი  კაფს. 40მგ. N20,,2970,ბილობილი 40მგ #20კაფს
162,38191,ბილობილი ინტენსი კაფ.120მგ N20,,54205,ბილობილი ინტენსი 120მგ #20კაფს
163,13293,ბილობილი ფორტე კაფს. 80მგ N20,,27058,ბილობილი ფორტე 80მგ #20კაფს
164,28741,ბიოგაია პრობიოტიკი 5მლ წვ.საბ.,,37715,ბიოგაია პრობიოტიკი 5მლ წვეთ.ფლ
165,48968,ბიოვაპ ოსტეო ტაბ.N60,,72565,ბიოვაპი ოსტეო D3#60ტ
166,29382,ბისოპროლოლი ტაბ.  5მგ N30,,82314,ბისოპროლოლი ლეკი  5მგ #30ტ
167,29865,ბისოპროლოლი ლეკი ტაბ. 10მგ N30,,82315,ბისოპროლოლი ლეკი 10მგ #30ტ
168,51120,ბიფოვალი ფორტე კაფს. N15,,54184,ბიფოვალი ფორტე #15კაფს
169,11905,კაპტოპრილი(ბლოკორდილი)25მგ N20,,24967,ბლოკორდილი 25მგ #20ტ
170,42034,კაპტოპრილი(ბლოკორდილი)50მგ N20,,48027,ბლოკორდილი 50მგ #20ტ
171,31069,ბონექსი ტაბ. N60,,45600,ბონექსი #60ტ
172,59564,ბონექსი K საღეჭი ტაბ.N30,,83400,ბონექსი K #30ტ საღ
173,45082,ბონექსი პლიუსი ტაბ. N30,,69501,ბონექსი პლუსი #30ტ
174,56270,ბრენაქსი ამპ.1000მგ/4მლ N5,,80117,ბრენაქსი 1000მგ/4მლ 4მლ#5ა
175,56272,ბრენაქსი ამპ.500მგ/4მლ N5,,80116,ბრენაქსი 500მგ/4მლ 4მლ#5ა
176,58384,ბრინზოთიმოლი თვ.წ10+5მგ/მლ 5მლ,,81787,ბრინზოთიმოლი10მგ/5მგ 5მლ თვ/წვ
177,354,ბრომოკრიპტინი ტაბ. 2.5 N30,,948,ბრომოკრიპტინ-რიხტერი2.5მგ #30ტ
178,360,"ბრონხომუნალი-P კაფს. 3,5მგ.N10",,2752,ბრონქო-მუნალი 3.5მგ #10კაფს
179,361,ბრონხომუნალი კაფს. 7მგ.N10,,2922,ბრონქო-მუნალი 7მგ #10კაფს
180,40609,ბრონქომაქსი სიროფი 100მლ,,58839,ბრონქომაქსი 100მლ სიროფი
181,42252,ბუსპირონ-ეგისი ტაბ. 10მგ N60,,62160,ბუსპირონ-ეგისი 10მგ #60ტ
182,42423,ბუსპირონ-ეგისი ტაბ.  5მგ N60,,62158,ბუსპირონ-ეგისი 5მგ #60ტ
183,31560,გალვუსი ტაბ. 50მგ N28-S,,42079,გალვუსი 50მგ #28ტ
184,31557,გალვუს მეტი ტაბ.50/1000მგN60-S,,42076,გალვუსმეტი 50მგ/1000მგ #60ტ
185,46358,გალვუს მეტი ტაბ.50/850მგ N60-S,,68497,გალვუსმეტი 50მგ/850მგ #60ტ
186,2056,ჰეპარინი 25 000 ერთ. 5მლ N1,,9609,გეპარინი 25000სე/5მლ ფლ BRAUN
187,26914,გერალი ტაბ. 500მგ N10 GMP,,30392,გერალი 500მგ #10ტ GMP
188,4505,"ჰიდროკორ.POSN თვ.მალ.  1% 2,5გ",,8122,გიდროკორტიზონი 1% 2.5გ თვ.მალ
189,2075,ჰიდროკორტიზონი  ფლ. 125 მგ N1,,169,გიდროკორტიზონი 125მგ/5მლ ემულს
190,4158,"ჰიდროკორ.POSN თვ.მალ.2,5% 2,5გ",,8123,გიდროკორტიზონი 2.5% 2.5გ თვ.მა
191,55799,გინომიქსი ვაგ.სანთელი N12,,79772,გინომიქსი #12ვაგ.კაფს
192,58385,გლაუსანი თვ.წვ.0.04მგ/მლ 2.5მლ,,81788,გლაუსანი 0.04მგ/მლ 2.5მლ თვ/წვ
193,19491,გლემპიდი ტაბ. 2მგ N30,,28605,გლემპიდი 2მგ #30ტ
194,19492,გლემპიდი ტაბ. 3მგ N30,,28606,გლემპიდი 3მგ #30ტ
195,19493,გლემპიდი ტაბ. 4მგ N30,,28607,გლემპიდი 4მგ #30ტ
196,32392,გლიკლამეტი ტაბ. N30,,44262,გლიკლამეტი 80მგ/500მგ #30ტ
197,38593,გლუვილექსი ტაბ. N60,,55827,გლუვილექსი 500მგ/400მგ #60ტ
198,47754,გლუკოზინი ტაბ. N30,,70365,გლუკოზინი #30ტ
199,11225,გლუკოტონი ტაბ. MR 30მგ N30 GMP,,23837,გლუკოტონი MR 30მგ #30ტ GMP
200,428,გორდოქსი 100 000 ერთ.10მლ N5,,1148,გორდოქსი 100000ერთ 10მლ #5ა
201,431,გრანდაქსინი ტაბ.50მგ.N20,,1358,გრანდაქსინი  0.05გ #20ტ
202,42310,გრიპოსტოპი სიროფი 100მლ,,63102,გრიპოსტოპი 100მლ სიროფი
203,56774,გროპრინოსინი სიროფი 150მლ,,80585,გროპრინოსინი 150მლ სიროფი
204,57521,გროპრინოსინი ტაბ. 500მგ N20,,52069,გროპრინოსინი 500მგ #20ტ
205,35638,გროპრინოსინი ტაბ. 500მგ N50,,50184,გროპრინოსინი 500მგ #50ტ
206,41573,დასელტა ტაბ. 5მგ N30,,60823,დასელტა 5მგ #30ტ
207,37075,დებიტუმი ტაბ. 50მგ N28,,51854,დებიტუმი-სანოველი 50მგ #28ტ
208,449,დეკარისი ტაბ.  50მგ N2,,945,დეკარისი  50მგ #2ტ
209,448,დეკარისი ტაბ. 150მგ N1,,181,დეკარისი 150მგ #1ტ
210,53546,დემანტინი ტაბ. 10მგ N30,,76134,დემანტინი 10მგ #30ტ
211,462,დერმაზინი კრემი 1% 50.0,,4216,დერმაზინი კრემი 50გ
212,54798,დერუა კაფსულა N120 GMP,,78126,დერუა არტრო ფორმულა#120კაფს
213,58999,დესლოდექსი სირ.2.5მგ/5მლ 150მლ,,82492,დესლოდექსი 2.5მგ/5მლ 150მლ
214,58443,დესლოდინი სირ.2.5მგ/5მლ 150მლ,,81797,დესლოდინი 2.5მგ/5მლ 150მლ
215,58625,დესმოტი ტაბ. 5მგ/10მგ N30,,82101,დესმოტი 5მგ/10მგ #30ტ
216,49281,დეტრალექსი ტაბ. 1000მგ N30,,71159,დეტრალექსი 1000მგ #30ტ
217,59095,დეფენსიკანი იმუნოგლუკ.სუს120მლ,,82697,დეფენსიკანი იმუნოგ10მგ/მლ120მლ
218,53010,დეფლიუ სილვერი სპრეი 15მლ,,77657,დეფლუ სილვერი 15მლ ლოს/სპრეი
219,53011,დეფლიუ სინუსი სპრეი 15მლ,,77656,დეფლუ სინუსი 15მლ ლოს/სპრეი
220,48041,დექორალ კალციუმი კაფს.N30,,71357,დექორალი Ca #30კაფს
221,4192,დექსა-გენტამიც.თვ.მალ.1% 2.5გ,,8120,დექსაგენტამიცინი თვ.მალ.2.5გ
222,4191,დექსა-გენტამიცინი თვ.წვ.5მლ,,8119,დექსაგენტამიცინი თვ.წვ.5მლ#1ფლ
223,477,"დექსამეტაზონი ტაბ. 0,5მგ N10",,936,დექსამეტაზონი 0.5მგ #10ტ
224,30437,დიაბეტონი MR ტაბ. 60მგ N30,,36615,დიაბეტონი MR 60მგ #30ტ
225,55798,დიაბზიდ-M ტაბ. N30,,79771,დიაბზიდ M 80მგ/500მგ #30ტ
226,52519,დიალაკი კაფს.120მგ N40,,75320,დიალაკი 120მგ #40კაფს
227,58008,დიალაკი წვ. 40მგ/მლ 30მლ,,81614,დიალაკი 40მგ/მლ 30მლ წვეთები
228,9698,დიკლაკი ტაბ.150მგ N10,,17923,დიკლაკი 150მგ #10ტ
229,9697,დიკლაკი ტაბ. 75მგ N20,,17926,დიკლაკი 75მგ #20ტ
230,9423,დიკლაკი გელი 5% 50გ,,8083,დიკლაკი ჟელე 5% 50გ ტუბ
231,57022,დიკლარენი გელი 10მგ/გ 60გ,,80807,დიკლარენი 10მგ/გ 60გ გელი
232,38186,დიკლარენი ტაბ. 50მგ N20 GMP,,53827,დიკლარენი 50მგ #20ტ
233,9890,დიოვანი ტაბ. 80მგ N14,,21436,დიოვანი  80მგ #14ტ
234,25118,დიოვანი ტაბ.160მგ N14,,28999,დიოვანი 160მგ #14ტ
235,45103,დიოქსაფლექსი B12 ამპ.3მლ N6,,66557,დიოქსაფლექსი B12 3მლ #6ა
236,29838,დიპ რილიფი გელი100გ,,37779,დიპ რილიფი 100გ ჟელე
237,8748,დიპ რილიფი გელი 50გ,,15919,დიპ რილიფი 50გ ჟელე
238,515,დიპროსალიკი მალამო 30გ,,3627,დიპროსალიკი 30გ მალამო
239,3218,დიროტონი ტაბ. 5მგ.N28,,7824,დიროტონი  5მგ #28ტ
240,3219,დიროტონი ტაბ.10მგ.N28,,7822,დიროტონი 10მგ #28ტ
241,3220,დიროტონი ტაბ.20მგ.N28,,7823,დიროტონი 20მგ #28ტ
242,3612,დიფლაზონი კაფს.150მგ N1,,10740,დიფლაზონი 150მგ #1კაფს (სლოვ)
243,47947,დოზილენი იზიტაბი  5მგ ტაბ.N28,,30549,დოზილენი იზიტაბი  5მგ #28ტ
244,47948,დოზილენი იზიტაბი 10მგ ტაბ.N28,,72569,დოზილენი იზიტაბი 10მგ #28ტ
245,7682,დონორმილი ტაბ. N30,,6051,დონორმილი 15მგ #30ტ
246,529,დოპეგიტი ტაბ.250მგ.N50,,207,დოპეგიტი  250მგ #50ტ
247,57131,დოქსაფინი ტაბ.400მგ N100,,80737,დოქსაფინი 400მგ #100ტ
248,9168,დროპსანი თვ.წვეთები 10მლ,,17478,დროპსანი 10მლ თვ.წვეთები
249,57897,დუინუმი ტაბ.50მგ N10,,81437,დუინუმი  50მგ #10ტ
250,51552,დულოდეტი კაფს. 30მგ N28,,74758,დულოდეტი 30მგ #28კაფს
251,51551,დულოდეტი კაფს. 60მგ N28,,74759,დულოდეტი 60მგ #28კაფს
252,50665,დულოკი კაფს. 30მგ N28,,73424,დულოკი 30მგ #28კაფს
253,50666,დულოკი კაფს. 60მგ N28,,73425,დულოკი 60მგ #28კაფს
254,50630,დულსევია კაფს. 30მგ N30,,73555,დულსევია 30მგ #30კაფს
255,53220,დულსევია კაფს. 60მგ N30,,75826,დულსევია 60მგ #30კაფს
256,541,დუოვიტი ტაბ. N40,,1081,დუოვიტი #40დრაჟე
257,16400,დუოვიტი  კაცის ტაბ. N30,,28015,დუოვიტი მამაკაცების #30ტ
258,16399,დუოვიტი  ქალის ტაბ. N30,,28014,დუოვიტი ქალების #30ტ
259,25611,დუოტრავი თვალ.წვ.  2.5მლ,,28984,დუოტრავი 2.5მლ თვ.წვეთები
260,31993,დუფალაკი სიროფი 66.5% 200მლ,,8026,დუფალაკი 66.5% 200მლ ხსნ
261,3581,ეგილოკი(მეტოპროლ)ტაბ. 25მგN60,,8493,ეგილოკი  25მგ #60ტ
262,3580,ეგილოკი(მეტოპროლ)ტაბ. 50მგN60,,8494,ეგილოკი  50მგ #60ტ
263,3582,ეგილოკი(მეტოპროლ)ტაბ.100მგN60,,8495,ეგილოკი 100მგ #60ტ
264,31714,ეგისეპტი სპრეი 65გ,,43816,ეგისეპტი 1% 65გ სპრეი გარეგ/ხმ
265,34771,ეგოლანზა ტაბ. 10მგ N28,,47723,ეგოლანზა 10მგ #28ტ
266,34770,ეგოლანზა ტაბ.  5მგ N28,,47719,ეგოლანზა 5მგ #28ტ
267,40611,ევინოლი 400 რბილი კაფს. N30,,75905,ევინოლი 400მგ #30კაფს
268,40255,ეურომაგი B6 ტაბ. N30,,75864,ევრომაგი B6 #30ტ
269,40610,ევროფარი კაფს. N30,,75808,ევროფარი #30კაფს
270,42076,ევროფარი სიროფი 150მლ,,75299,ევროფარი 150მლ სიროფი
271,50826,ეზამი სიროფი 120მლ,,73948,ეზამი 120მლ სიროფი
272,9411,ეკვატორი ტაბ. 10/5მგ N30,,17802,ეკვატორი 10მგ/5მგ #30ტ
273,35053,ეკვატორი ტაბ. 20/10მგ N30,,63760,ეკვატორი 20მგ/10მგ #30ტ
274,9524,ეკლიპსი პლიუსი 50მგ/12.5მგ N28,,19506,ეკლიპსი პლუსი 50მგ/12.5მგ#28ტ
275,54338,ელეკლინი A გელი 15გ,,78652,ელეკლინი-ა 1%+0.1% 15გ გელი
276,47165,ელირნო ტაბ.10მგ/10მგ N30,,69589,ელირნო 10მგ/10მგ #30ტ
277,47164,ელირნო ტაბ.20მგ/10მგ N30,,69590,ელირნო 20მგ/10მგ #30ტ
278,560,ელოკომი მალამო  0.1% 15გ,,5612,ელოკომი 0.1% 15გ მალამო
279,58617,ელფენორი გელი 5% 50გ,,81912,ელფენორი 5% 50გ გელი
280,41571,ემანერა კაფს. 20მგ N14,,60824,ემანერა 20მგ #14კაფს
281,41572,ემანერა კაფს. 40მგ N14,,60825,ემანერა 40მგ #14კაფს
282,57137,ემეტიქსი ტაბ. N20,,80739,ემეტიქსი #20ტ
283,9790,ემკორი ტაბ. 2.5მგ N30,,21222,ემკორი  2.5მგ #30ტ GMP
284,9791,ემკორი ტაბ. 5მგ N30,,21223,ემკორი  5მგ #30ტ GMP
285,9792,ემკორი ტაბ.10მგ N30,,21224,ემკორი 10მგ #30ტ GMP
286,9793,ემკორი H ტაბ. 2.5მგ N30,,21225,ემკორი H 2.5მგ/6.25მგ #30ტ GMP
287,3585,ენალაპრილი-H 10მგ/25მგ N20 GMP,,8429,ენალაპრილი H 10/25მგ#20ტ GMP
288,563,ენაპი ტაბ. 5მგ N20,,4301,ენაპი  5მგ #20ტ
289,562,ენაპი ტაბ.10მგ N20,,3214,ენაპი 10მგ #20ტ
290,2743,ენაპი ტაბ.20მგ N20,,5710,ენაპი 20მგ #20ტ
291,564,ენაპი-H ტაბ.10მგ./25მგ N20,,4277,ენაპი-H 10მგ/25მგ #20ტ
292,11427,ენაპი-HL 20 ტაბ. 20/12.5მგ N20,,24258,ენაპი-HL 20მგ/12.5მგ #20ტ
293,44349,ენდოკრინოლი კაფს. N30,,51620,ენდოკრინოლი #30კაფს
294,58977,ეპავიტი DHA რბილი კაფს.N30,,82232,ეპავიტი DHA #30კაპს
295,38497,ეპაკორი კაფს. N30,,56131,ეპაკორი 1000მგ #30კაფს
296,15771,ეპიქსი ტაბ.  500მგ N50,,27782,ეპიქსი  500მგ #50ტ
297,15772,ეპიქსი ტაბ. 1000მგ N50,,27783,ეპიქსი 1000მგ #50ტ
298,16579,ეპიქსი ტაბ. 250მგ N50,,28081,ეპიქსი 250მგ #50ტ
299,42051,ეპიქსი XR ტაბ. 500მგ N50,,61192,ეპიქსი XR 500მგ #50ტ
300,42052,ეპიქსი XR ტაბ. 750მგ N50,,61193,ეპიქსი XR 750მგ #50ტ
301,10234,ერესპალი სიროფი 150მლ,,11862,ერესპალი 150მლ სიროფი
302,10215,ერესპალი ტაბ. 80მგ N30,,11863,ერესპალი 80მგ #30ტ
303,44504,ეროგრა ტაბ. 100მგ N5   GMP,,66908,ეროგრა 100მგ #5ტ
304,9565,ეროლინი ტაბ. 10მგ N30,,22835,ეროლინი 10მგ #30ტ
305,28732,ესელ ფორტე კაფს. N30,,28351,ესელ ფორტე #30კაფს
306,9271,ესკაპელი ტაბ 1.5მგ N1,,17669,ესკაპელი 1.5მგ #1ტ
307,51602,ესპა ტაბ.10მგ N28,,74335,ესპა 10მგ #28ტ
308,51603,ესპა ტაბ.20მგ N28,,74336,ესპა 20მგ #28ტ
309,616,ეფერალგანი სანთ. 80მგ N10,,5748,ეფერალგანი   80მგ #10რექ/სუპოზ
310,613,ეფერალგანი სანთ. 150მგ N10,,4540,ეფერალგანი  150მგ #10რექ/სუპოზ
311,614,ეფერალგანი სანთ. 300მგ N10,,5746,ეფერალგანი  300მგ #10რექ/სუპოზ
312,617,ეფერალგანი ხსნარი 90მლ,,2341,ეფერალგანი C'UPSA'სიროფი 90მლ
313,619,ეფლორანი(მეტრონიდ.)ტ.400მგ.N10,,4218,ეფლორანი(მეტრონიდ) 400მგ #10ტ
314,8092,ექსისტენი ფორტე ტაბ. 15მგ N10,,14742,ექსისტენ ფორტე 15მგ #10ტ
315,19453,ექსისტენი ამპ. 15მგ/1.5მლ N3,,28611,ექსისტენი 15მგ/1.5მლ #3ა
316,38804,ექსოდერილი 1% 10მლ ხსნარი,,43543,ექსოდერილი 1% 10მლ ხსნარი
317,39284,ექსოდერილი 1% 15გ კრემი,,11124,ექსოდერილი 1% 15გ კრემი
318,39887,ექსტრასედი კაფს. N30,,59291,ექსტრასედი #30კაფს *
319,25190,ექსფორჯი ტაბ. 5მგ/160მგ N14,,30485,ექსფორჯი  5მგ/160მგ #14ტ
320,25191,ექსფორჯი ტაბ. 10მგ/160მგ N14,,30486,ექსფორჯი 10მგ/160მგ #14ტ
321,46745,ექსფორჯი H ტაბ 5/160/12.5მგN28,,69397,ექსფორჯიH 5მგ/160მგ/12.5მგ#28ტ
322,46746,ექსფორჯი H ტაბ10/160/12.5მგN28,,62014,ექსფორჯიH10მგ/160მგ/12.5მგ#28ტ
323,49241,ექტოდერმი კრემი 30გ GMP,,71676,ექტოდერმი 1მგ/გ 30გ კრემი
324,49571,ვაგიფლორი ვაგ.სუპ.N10 GMP,,72031,ვაგიფლორი #10ვაგ.სუპოზ.
325,5137,ვაზილიპი ტაბ. 10მგ N28,,11153,ვაზილიპი 10მგ #28ტ
326,5138,ვაზილიპი ტაბ. 20მგ N28,,11155,ვაზილიპი 20მგ #28ტ
327,10950,ვაზოსერკი ფორტე ტაბ.16მგ N30,,23728,ვაზოსერკი ფორტე 16მგ #30ტ
328,18616,ვაზოსერკი BID ტაბ. 24მგ N30,,28328,ვაზოსერკი-Bid 24მგ #30ტ
329,50664,ვაზოსერკი BID ტაბ. 24მგ N60,,78916,ვაზოსერკი-Bid 24მგ #60ტ
330,640,ვალოკორდინი 20მლ N1,,108,ვალოკორდინი 20მლ #1ფლ
331,641,ვალოკორდინი 50მლ N1,,109,ვალოკორდინი 50მლ #1ფლ
332,51290,ვალსაკორი ტაბ. 80მგ N28,,74236,ვალსაკორი  80მგ #28ტ
333,51291,ვალსაკორი ტაბ.160მგ N28,,74237,ვალსაკორი 160მგ #28ტ
334,51292,ვალსაკორი H ტაბ. 80/12.5მგ N28,,72091,ვალსაკორი H 80 80მგ/12.5მგ#28ტ
335,51293,ვალსაკორი H ტაბ.160/12.5მგ N28,,72097,ვალსაკორი H160 160მგ/12.5მგ#28
336,52198,ვალსაკორი HD 160/25მგ ტაბ.N28,,72092,ვალსაკორი HD160 160მგ/25მგ#28ტ
337,45331,ვამლოსეტი ტაბ. 5მგ/160მგ N28,,67110,ვამლოსეტი  5მგ/160მგ #28ტ
338,45330,ვამლოსეტი ტაბ.  5მგ/80მგ N28,,67109,ვამლოსეტი  5მგ/80მგ #28ტ
339,45332,ვამლოსეტი ტაბ.10მგ/160მგ N28,,67111,ვამლოსეტი 10მგ/160მგ #28ტ
340,34937,ვანსეარი ტაბ.  10მგ N84,,48445,ვანსეარი 10მგ #84ტ.საღ
341,34935,ვანსეარი საღეჭი ტაბ.  4მგ N84,,48443,ვანსეარი 4მგ #84ტ.საღ
342,37592,ვანსეარი გრანულა 4მგ N28,,52273,ვანსეარი 4მგ გრანულა #28 პაკ
343,34936,ვანსეარი საღეჭი ტაბ.  5მგ  N84,,48444,ვანსეარი 5მგ #84ტ.საღ
344,42053,ვანსეარი დუო ტაბ. 5მგ/10მგ N30,,61194,ვანსეარი დუო 5მგ/10მგ #30ტ
345,44502,ვეივევიტი ტაბ. N30,,72736,ვეივევიტი #30ტ
346,26921,ველაქსინი კაფს.  37.5მგ N28,,30390,ველაქსინი  37.5მგ #28კაფს
347,19864,ველაქსინი კაფს.  75მგ N28,,28810,ველაქსინი  75მგ #28კაფს
348,45369,ვენერინი კაფს. 100მგ N8,,63805,ვენერინი 100მგ #8კაფს
349,27908,ვენო რიცი ტაბ. N30  GMP,,32715,ვენო-რიცი #30ტ
350,644,ვენტერი ტაბ. 1გ N50,,1568,ვენტერი 1გ #50ტ
351,50097,ვეპრაზი ვაგ.კაფს. N7,,72591,ვეპრაზი 100მგ/200მგ #7კაფს ვაგ
352,650,ვერმოქსი ტაბ.100მგ N6,,904,ვერმოქსი 100მგ #6ტ
353,16973,ვერონა კაფს. N20,,15960,ვერონა #20კაფს
354,651,ვეროშპირონი  ტაბ. 25მგ N20,,116,ვეროშპირონი 25მგ #20ტ
355,1366,ვეროშპირონი კაფს.  50მგ N30,,11097,ვეროშპირონი 50მგ #30კაფს
356,39826,ვეცეფი ამპ. ი/მ 1500მგ N1,,56477,ვეცეფი 1500მგ #1ფლ+გამხს.
357,39825,ვეცეფი ამპ. ი/მ  750მგ N1,,56478,ვეცეფი 750მგ#1ფლ+გამხს.
358,42077,ვი პლიუსი ტაბ. N30,,64904,ვი პლუსი #30ტ
359,6513,ვიბროცილი ცხვირის წვეთები 15მლ,,12690,ვიბროცილი 15მლ ცხვ.წვეთები ფლ
360,35374,ვიგამოქსი თვ.წვ. 5მგ/მლ 5მლ,,48738,ვიგამოქსი 5მგ/მლ 5მლ თვ.წვეთი
361,41568,ვიზარსინი ტაბ. 50მგ N4,,60826,ვიზარსინი  50მგ #4ტ
362,58448,ვიზორელი თვ/ყურ წვეთები 5მლ,,81783,ვიზორელი 5მლ თვ/ყურის წვ.
363,53064,ვიტაკომი (B კომპ.)ამპ. 3მლ N5,,75673,ვიტაკომი 3მლ #5ა
364,45216,ვიტაცინკი სიროფი 200მლ,,81615,ვიტაცინკი 200მლ სიროფი
365,3031,ვოლტარენი ტაბ.50მგ N20,,5623,ვოლტარენი 50მგ #20ტ
366,725,ვოლტარენი ამპ. 75მგ/3მლ N5,,7654,ვოლტარენი 75მგ/3მლ #5ა(იმპ)
367,36520,ვოლტარენი ემულგელი 1%100გ,,42395,ვოლტარენი ემულგელი 1% 100გ
368,2213,ვოლტარენი ემულგელი 1% 20გ,,4545,ვოლტარენი ემულგელი 1% 20გ ტუბ
369,3030,ვოლტარენი ემულგელი 1% 50გ,,5625,ვოლტარენი ემულგელი 1% 50გ ტუბ
370,46768,ვოლტარენი ემულგელი 2% 50გ,,69038,ვოლტარენი ემულგელი 2%  50გ
371,46769,ვოლტარენი ემულგელი 2%100გ,,69344,ვოლტარენი ემულგელი 2% 100გ
372,7338,ვოლტარენი რაპიდი ტაბ. 50მგ N20,,14899,ვოლტარენი რაპიდი 50მგ #20ტ
373,3032,ვოლტარენი სანთ. 100მგ  N5,,4254,ვოლტარენი სანთლები 100მგ #5
374,11187,ზალაინი კრემი 2% 20გ ტუბი,,23851,ზალაინი 2% 20გ კრემი
375,11188,ზალაინი ვაგ.სუპპ.300მგ N1,,23850,ზალაინი 300მგ #1ვაგ.სუპოზ.
376,40616,ზეტორი ტაბ. 10მგ N30  GMP,,58851,ზეტორი 10მგ #30ტ
377,40617,ზეტორი ტაბ. 20მგ N30  GMP,,58852,ზეტორი 20მგ #30ტ
378,27602,ზილტი ტაბ. 75მგ N14,,32464,ზილტი 75მგ #14ტ
379,44684,ზილტი ტაბ. 75მგ N28,,50788,ზილტი 75მგ #28ტ
380,12952,ზიტროქსი სუსპ. 200მგ/5მლ 15მლ,,21524,ზიტროქსი 200მგ/5მლ 15მლ სუსპ
381,12950,ზიტროქსი ტაბ. 500მგ N3,,21523,ზიტროქსი 500მგ #3ტ
382,6365,ზო-20 ტაბ. 20მგ N20        GMP,,12430,ზო-20 20მგ #20ტ GMP
383,740,ზოვირაქსი კრემი 5% 2გ,,1740,ზოვირაქსი 5% 2გ კრემი
384,38185,ზოლეპტინი ტაბ. 50მგ N10 GMP,,53826,ზოლეპტინი 50მგ #10ტ
385,56776,ზუმ გელი 1.25% 60გ ტუბი  GMP,,80578,ზუმ 1.25% 60გ გელი
386,49068,ზუმ-25 პაკეტი 25მგ N10 GMP,,71600,ზუმ-25 25მგ #10პაკ
387,55702,ზუმ-25 ტაბ. 25მგ N10 GMP,,79053,ზუმ-25 25მგ #10ტ
388,54369,ზუმ-25 ამპ.50.0მგ/2.0მლ N5 GMP,,77079,ზუმ-25 50მგ/2მლ 2მლ #5ა
389,1743,ტეოტარდი რეტარდი კაფ.200მგ.N40,,523,თეოტარდი 200მგ #40კაფს
390,53339,თიოლეპტა 600მგ HR ტაბ.N30,,78695,თიოლეპტა 600მგ HR #30ტ
391,4433,თრომბასპინი ტაბ. 0.1გ N20  GMP,,10530,თრომბასპინი 100მგ #20ტ GMP
392,46220,იანუმეტი ტაბ. 50მგ/1000მგ N56,,66216,იანუმეტი 50მგ/1000მგ #56ტ
393,5547,იმუნო-რიცი  კაფს. N20      GMP,,11370,იმუნო-რიცი #20კაფს
394,52552,იმუჰენზა კაფს. N30,,75534,იმუჰენზა #30კაფს
395,41415,ინსომნის ბეიბი წვ. 30მლ,,59696,ინსომნის ბეიბი 30მლ ხსნარი
396,31912,ინსტი - ბალახ.პაკ. საბავშვო N5,,36959,ინსტი მცენ.გრან.საბავშო #5პაკ
397,45050,ინსუფორი ტაბ.  850მგ N30,,66306,ინსუფორი 850მგ #30ტ
398,47826,ისმი-კიდი ფლ.10მლ GMP,,70053,ისმი-კიდი 10მლ ფლ
399,32013,ისმიჟენი ტაბ. N10 GMP,,42614,ისმიჟენი 7მგ #10ტ საწ.
400,32014,ისმიჟენი ტაბ. N30 GMP,,42615,ისმიჟენი 7მგ #30ტ საწ.
401,840,კავინტონი ამპ. 10მგ/2მლ N10,,893,კავინტონი 10მგ/2მლ #10ა
402,841,კავინტონი ტაბ. 5მგ N50,,719,კავინტონი 5მგ #50ტ
403,6410,კავინტონი ფორტე ტაბ. 10მგ  N30,,12444,კავინტონი ფორტე 10მგ #30ტ
404,54513,კალმავისი სიროფი 150მლ,,83892,კალმავისი 150მლ სიროფი
405,35548,კალმაცინი ფორტე ტაბ. N30,,75906,კალმაცინ ფორტე #30ტ
406,870,კალცინოვა ტაბ.N27,,25192,კალცინოვა #27ტ
407,6843,კამაგრა ტაბ. 100მგ N4,,12944,კამაგრა 100მგ #4ტ
408,9150,კამელოტი ტაბ. 15მგ N20 GMP,,17452,კამელოტი 15მგ #20ტ GMP
409,57795,კამელოტი ამპ.15მგ/1.5მლ N3,,81429,კამელოტი 15მგ/1.5მლ1.5მლ#3ა GM
410,9149,კამელოტი ტაბ. 7.5მგ N20 GMP,,17453,კამელოტი 7.5მგ #20ტ GMP
411,28400,კარდილოპინი ტაბ. 5მგ N30,,12369,კარდილოპინი  5მგ #30ტ
412,28401,კარდილოპინი ტაბ.10მგ N30,,12631,კარდილოპინი 10მგ #30ტ
413,43274,კარდიტონი ფლ.1გ/10მლ N10 GMP,,64070,კარდიტონი 1გ/10მლ 10მლ #10ფლ
414,60126,კარდოვალი რითმო კაფს.N15,,83031,კარდოვალი რითმო #15კაფს
415,53513,კარდოვალი რითმო კაფს.N30,,76410,კარდოვალი რითმო #30კაფს
416,43747,კარდოპან პლიუსი 160/12.5მგ N28,,65394,კარდოპანი-სანოველ+160/12.5#28ტ
417,59166,კარივალანი ტაბ. 12.5მგ/5მგ N56,,81837,კარივალანი 12.5მგ/5მგ #56ტ
418,59168,კარივალანი ტაბ. 6.25მგ/5მგ N56,,81838,კარივალანი 6.25მგ/5მგ #56ტ
419,10743,კარუმი ტაბ. 75მგ N28,,23853,კარუმ-სანოველი 75მგ #28ტ
420,25280,კატაფასტი 50მგ პაკ. N3,,30097,კატაფასტი 50მგ #3პაკ
421,51094,კატელინ SR კაფს.N50,,75507,კატელინი SR #50კაფს
422,44666,კბ/პ აქვაფრეში MLT  50მლ 2189,,79473,კბ/AQ.პასტა ბავშვებ.3-5 50მლ
423,57298,კბ/პ აქვაფრეში IC  75მლ 0087,,79467,კბ/AQ.პასტა ინტ/წმ.ღრმა/ეფ75მლ
424,6688,კბ/პ აქვაფრეში MBT  50მლ 2219,,79472,კბ/AQ.პასტა მოზარდებ.6+ 50მლ
425,901,კბ/პ აქვაფრეში F*M  50მლ 2360,,79461,კბ/AQ.პასტა პიტნ.გამაგ/ეფ50მლ
426,44662,კბ/პ აქვაფრეში M*M  50მლ 2421,,79463,კბ/AQ.პასტა პიტნ.რბილ/ეფ50მლ
427,902,კბ/პ აქვაფრეში IW 100მლ 1101,,79471,კბ/AQ.პასტა სრ/მოვ.გათეთ/ე100გ
428,6692,კბ/პ აქვაფრეში CCW 100მლ 6095,,79469,კბ/AQ.პასტა სრულ/მოვლა100მლ
429,57942,კბ/პ  პარადონტ.ExtraFresh 75მლ,,79563,კბ/პასტა პაროდონ.ექსტ.ფრეშ75მლ
430,28355,კბ/პ  პაროდონტაქსი მათეთრ.75მლ,,37372,კბ/პასტა პაროდონ.მათეთ75მლ4938
431,31038,კბ/პ  პაროდონტ. ფტ.გარეშე 50მლ,,38626,კბ/პასტა პაროდონ.ფტ/გ 50მლ
432,34440,კბ/პ  პაროდონტ. ფტ.გარეშე 75მლ,,65344,კბ/პასტა პაროდონ.ფტ/გ 75მლ2041
433,9721,კბ/პ  პაროდონტაქსი Fluorid50მლ,,21221,კბ/პასტა პაროდონ.ფტორ50მლ
434,7670,კბ/პ  პაროდონტაქსი Fluorid75მლ,,14307,კბ/პასტა პაროდონ.ფტორ75მლ
435,57941,კბ/პ  პარადონტ.UltraClean 75მლ,,79564,კბ/პასტა პაროდონ.ღრმა/წმ75მლ
436,57944,კბ/პ  სენსოდ.DailyProtec.100მლ,,81808,კბ/პასტა სენსოდ.DailyProt100მლ
437,57943,კბ/პ  სენსოდინი PRONAMEL 75მლ,,81809,კბ/პასტა სენსოდ.Pronamel 75მლ
438,34452,კბ/პ  სენსოდინი დაცვა+აღდ.75მლ,,62324,კბ/პასტა სენსოდ.დაცვა+აღდგ75მლ
439,25122,კბ/პ  სენსოდინი Whitening 75მლ,,29057,კბ/პასტა სენსოდ.მათეთ75გ
440,28975,კბ/პ  სენსოდინი მომენტ.ეფ 75მლ,,35892,კბ/პასტა სენსოდ.მომენ/ე75გ4723
441,44656,კბ/პ  სენსოდინი MultiCare 75მლ,,75315,კბ/პასტა სენსოდ.მულტი75გ 4983
442,9722,კბ/პ  სენსოდინი Fluoride 50მლ,,21648,კბ/პასტა სენსოდ.ფტორი 50გ
443,34441,კბ/პ  სენსოდინი Fluoride 75მლ,,21649,კბ/პასტა სენსოდ.ფტორი 75გ
444,29324,კბ.სავლ პაროდონტ. Extra 300მლ,,41593,კბ/სავლები პარადონტ.300მლ 4136
445,904,კენალოგი ამპ. 40მგ 1მლ N5,,10866,კენალოგი-40 40მგ/1მლ #5ა(სლოვ)
446,36117,კეპლერი კაფს. N30,,53120,კეპლერი 500მგ #30კაფს *
447,52506,კეტანოვი ტაბ. 10მგ N20,,75059,კეტანოვი 10მგ  #20ტ
448,19861,კეტილეპტი ტაბ. 100მგ N60,,28807,კეტილეპტი 100მგ #60ტ
449,19862,კეტილეპტი ტაბ. 200მგ N60,,28808,კეტილეპტი 200მგ #60ტ
450,41634,კეტილეპტი ტაბ.  25მგ N30,,63168,კეტილეპტი 25მგ #30ტ
451,50026,კეტილეპტი პროლონგი ტაბ.50მგN60,,73815,კეტილეპტი პროლონგი 50მგ #60ტ
452,10149,კეტონალი გელი 50გ,,21564,კეტონალი 2.5% 50გ გელი
453,3149,კეტონალი კაფს.50მგ N25,,7671,კეტონალი 50მგ #25კაფს
454,3148,კეტონალი ამპ.100მგ/2მლ N10,,7708,კეტონალი 50მგ/მლ 2მლ #10ა
455,18984,კეტონალი დუო კაფს.150მგ N30,,28251,კეტონალი დუო 150მგ #30კაფს
456,3147,კეტონალი ფორტე ტაბლ.100მგ.N20,,7675,კეტონალი ფორტე 100მგ #20ტ
457,1733,კეტოროლი  ტაბ. 10მგ  N10   GMP,,10719,კეტოროლი 10მგ #10ტ GMP
458,913,კვამატელი(ფამოტიდინი)ფხვ.N5,,4533,კვამატელი #5ფლ+გამხ
459,911,კვამატელი (ფამოტიდინი)20მგ N28,,3031,კვამატელი 20მგ #28ტ
460,912,კვამატელი (ფამოტიდინი)40მგ N14,,1154,კვამატელი 40მგ #14ტ
461,31228,კინეტიკონი ტაბ. 10მგ N20 GMP,,38438,კინეტიკონი 10მგ #20ტ GMP
462,9154,კლავომედი სუსპ. 312.5/5მლ 80მლ,,17472,კლავომედი 312.5/5მლ 80მლ სუსპ
463,33076,კლარიქსი ტაბ. 500მგ N10    GMP,,44382,კლარიქსი 500მგ #10ტ GMP
464,57651,კლექსიპარინი 40მგ/0.4მლ შპრN10,,81326,კლექსიპარინი 40მგ/0.4მლ შპ#10
465,47750,კლიმასტოპი ტაბ. N30,,70367,კლიმასტოპი #30ტ
466,11694,კლიმაქტო რიცი კაფს. N30 GMP,,24443,კლიმაქტო-რიცი #30კაფს
467,42286,კლინიზოლი ვაგ.კაფს. N7    GMP,,62465,კლინიზოლი #7ვაგ.კაფს GMP
468,919,კლიონ-D ტაბ.ვაგ.100მგ N10,,917,კლიონ-D 100მგ #10ტ ვაგ.
469,31996,კლიონი საინფ.ხსნ. 500მგ/100მლ,,1155,კლიონი ინფუზ.ხს 500მგ/100მლ ფლ
470,923,კლოსტილბეგიტი ტაბ.50მგ.N10,,259,კლოსტილბეგიტი  50მგ #10ტ
471,46427,კო-ამლესა ტაბ. 4/10/1.25მგ N30,,69329,კო-ამლესა 4მგ/10მგ/1.25მგ #30ტ
472,46426,კო-ამლესა ტაბ. 4/ 5/1.25მგ N30,,69332,კო-ამლესა 4მგ/5მგ/1.25მგ #30ტ
473,46429,კო-ამლესა ტაბ. 8/10/2.5მგ N30,,69331,კო-ამლესა 8მგ/10მგ/2.5მგ #30ტ
474,46428,კო-ამლესა ტაბ. 8/ 5/2.5მგ N30,,69333,კო-ამლესა 8მგ/5მგ/2.5მგ #30ტ
475,33077,კო-ენალაპრილ H ტაბ. N20    GMP,,29112,კო-ენალაპრილ H 20/12.5მგ#20ტ
476,38503,კო-ექსი სიროფი 100 მლ,,74851,კო-ექსი 100მლ სიროფი
477,19464,კო-ვალტანი ტბ.80/12.5მგN14 GMP,,28614,კო-ვალტანი 80მგ/12.5მგ #14ტGMP
478,35306,კო-პრენესა ტაბ.2მგ/0.625მგ N30,,46990,კო-პრენესა 2მგ/0.625მგ #30ტ
479,35307,კო-პრენესა ტაბ.4მგ/1.25მგ N30,,46991,კო-პრენესა 4მგ/1.25მგ #30ტ
480,44682,კო-პრენესა ტაბ.8მგ/2.5მგ N30,,66367,კო-პრენესა 8მგ/2.5მგ #30ტ
481,51400,კოგნივერი ტაბ.125მგ N30,,74264,კოგნივერი 125მგ #30ტ
482,55572,კოგნივერი ამპ.50მგ/2მლN10 GMP,,79054,კოგნივერი 50მგ/2მლ #10ა
483,30833,კოგნიციდი ტაბ. 800მგ N30,,38057,კოგნიციდი 800მგ #30ტ
484,9891,კო-დიოვანი 80/12.5მგ ტაბ. N14,,21459,კოდიოვანი  80/12.5მგ #14ტ
485,29485,კო-დიოვანი 160/12.5მგ ტაბ. N14,,36822,კოდიოვანი 160/12.5მგ #14ტ
486,31485,კო-დიროტონი ტაბ. 10/12.5მგ N30,,42053,კოდიროტონი 10მგ/12.5მგ #30ტ
487,31486,კო-დიროტონი ტაბ. 20/12.5მგ N30,,42054,კოდიროტონი 20მგ/12.5მგ #30ტ
488,42773,კოენზა - QL რბილი კაფს. N30,,76379,კოენზა QL #30კაფს
489,27335,კოკლავი ტაბ 875/125 მგ N12 GMP,,30542,კოკლავი 1000მგ #12ტ GMP
490,9011,კოლდრექსი  მაქსიგრიპი ლიმ. N10,,17280,კოლდრექსი მაქსიგრიპი ლიმ#10პაკ
491,2580,კოლდრექსი ჰოტრემი ლიმონით N10,,9476,კოლდრექსი ჰოთრემი ლიმონით #10
492,37184,კოლისპასი სიროფი 150მლ,,75289,კოლისპასი 150მლ სიროფი
493,36385,კოლნარი ტაბ. 10მგ N28,,49612,კოლნარი-სანოველი 10მგ #28ტ
494,36386,კოლნარი ტაბ. 20მგ N28,,49613,კოლნარი-სანოველი 20მგ #28ტ
495,50174,კონტიქსი ტაბ.20მგ N28,,72808,კონტიქსი 20მგ #28ტ
496,53514,კოპილვიტი სიროფი 100მლ,,76412,კოპილვიტი 100მლ სიროფი
497,10247,კორაქსანი ტაბ. 5მგ N56,,22829,კორაქსანი 5მგ #56ტ
498,10249,კორაქსანი ტაბ. 7.5მგ N56,,22830,კორაქსანი 7.5მგ #56ტ
499,25124,კორეგა კრემი Extra Strong 40g,,30150,კორეგა Extra strong 40გ კრემი
500,51457,კორეგა კრემი Extra Strong 70g,,74617,კორეგა Extra strong 70გ კრემი
501,25123,კორეგა კრემი Neutral taste 40გ,,30151,კორეგა Neutral taste 40გ კრემი
502,43852,კორვალ-G ტაბ. N10   GMP,,65338,კორვალ-G #10ტ
503,969,კორვალოლი 25მლ,,9674,კორვალოლი 25მლ #1ფლ (კიევი)
504,56363,კოქსიბეტი ტაბ. 90მგ N30,,80201,კოქსიბეტი  90მგ #30ტ
505,47209,კრალექსი კაფს. 200მგ N25,,57980,კრალექსი 200მგ #25კაფს
506,40251,კრალექსი კაფს. 200მგ N50,,57981,კრალექსი 200მგ #50კაფს
507,44138,კრეზამი 10000 კაფს. N10   GMP,,65339,კრეზამი 10000 225მგ#10კაფს GMP
508,28293,კრეზამი 25000 კაფს. N10   GMP,,34080,კრეზამი 25000 300მგ #10კაფსGMP
509,54679,კრილომაქსი რბილი კაფს. N30,,78310,კრილომაქსი #30კაფს
510,54678,კრილომაქსი სირ.მანგ/ატამ.150მლ,,78311,კრილომაქსი 150მლ სიროფი
511,4900,კურიოზინი გელი 0.1% 15გ,,9783,კურიოზინი გელი 15გ ტუბ
512,994,ლამიზილი 1% 15გ.კრემი,,4016,ლამიზილი 1% 15გ კრემი
513,19715,ლანზოპტოლი კაფს. 30მგ N14,,28727,ლანზოპტოლი 30მგ #14კაფს
514,3679,ლანსოლი კაფს.  30მგ  N10   GMP,,8564,ლანსოლი 30მგ #10კაფს GMP
515,9169,ლანტიგენი B სუსპ. 18მლ,,20600,ლანტიგენი B 18მლ სუსპენზია
516,54710,ლაქსამვი კაფს. N30,,79412,ლაქსამვი #30კაფს
517,8416,ლაქტო-G კაფს. N10  GMP,,15209,ლაქტო-G #10კაფს GMP
518,55797,ლაქტოფარი კაფს. N10,,79770,ლაქტოფარი #10კაფს
519,53006,ლევნიბიოტი ტაბ. 500მგ N5,,75825,ლევნიბიოტი 500მგ #5ტ
520,55504,ლევომაკი ტაბ. 500მგ N5,,78890,ლევომაკი 500მგ #5ტ
521,52221,ლევოსტარი ტაბ. 500მგ  N7   GMP,,75086,ლევოსტარი 500მგ #7ტ
522,55335,ლევოფლოქსაცინი თვ.წვ5მგ/მლ 5მლ,,78642,ლევოფლოქსაცინი 5მგ/მლ5მლ თვ/წვ
523,56326,ლეკოკლარი 125მგ/5მლ 60მლ სუსპ,,80445,ლეკოკლარი 125მგ/5მლ 60მლ სუსპ
524,25271,ლეკოკლარი ტაბ. 500მგ N14,,25995,ლეკოკლარი 500მგ #14ტ
525,40250,ლეტირამი ტაბ.  500მგ N60,,57984,ლეტირამი 500მგ #60ტ
526,1039,ლიდოკაინი აეროზ.38გ.(უფრეონო),,5394,ლიდოკაინი აეროზოლი 10% 38გ
527,31070,ლივერა კაფს. N60,,45601,ლივერა 1200მგ #60ტ *
528,52220,ლიმფავენი ტაბ.N60,,75731,ლიმფავენი #60ტ
529,8699,ლინდინეტე 20  21ტაბ,,17140,ლინდინეტ 20 #21ტ
530,1050,ლინექსი კაფს. 25მგ N16,,4497,ლინექსი #16კაფს
531,46345,ლინექსი საბავშვო საშეტი N20,,68214,ლინექსი საბავშვო #20პაკ
532,31423,ლინექსი ფორტე კაფს. N28,,41417,ლინექსი ფორტე #28კაფს
533,19495,ლინკასი საწ.ტაბ.N16 თაფლ/ლიმ.,,30107,ლინკასი #16ტ თაფლ/ლიმონით
534,19496,ლინკასი საწ.ტაბ. N16 ფორთოხ.,,30106,ლინკასი #16ტ ფორთოხლით
535,16974,ლინკასი 90მლ ხველ.სიროფი,,28503,ლინკასი 90მლ სიროფი
536,16975,ლინკასი 90მლ ხველ.სირ.უშაქრო,,51904,ლინკასი 90მლ სიროფი უშაქრო
537,16994,ლინკასი ბალზამი 25გრ მალამო,,28504,ლინკასი ბალზამი 25გ
538,43849,ლინკასი ორვი პაკ.ლიმონი N5,,65225,ლინკასი ორვი მც.გრ#5პაკ ლიმ/არ
539,16976,ლინკას + ექსპექტორანტი 120მლ,,15962,ლინკასი პლუსი ექსპ120მლ სიროფი
540,8102,ლოენზარი კაფ. 15მგ N30,,14748,ლოენზარი 15მგ #30ტ
541,8104,ლოენზარი კაფ. 30მგ N14,,14749,ლოენზარი 30მგ #14ტ
542,50163,ლორანექსი ხსნ0.5მგ/მლ150მლ GMP,,72983,ლორანექსი 0.5მგ/მლ150მლ სიროფი
543,38188,ლორანექსი ტაბ. 5მგ N10 GMP,,53825,ლორანექსი 5მგ #10ტ
544,39425,ლორისტა ტაბ.100მგ N28,,56366,ლორისტა 100მგ #28ტ
545,29254,ლორისტა ტაბ. 25მგ N28,,35945,ლორისტა 25მგ #28ტ
546,29255,ლორისტა ტაბ. 50მგ N28,,35946,ლორისტა 50მგ #28ტ
547,39424,ლორისტა H 100 ტაბ.100/12.5 N28,,56367,ლორისტა H 100მგ/12.5მგ #28ტ
548,29253,ლორისტა H ტაბ. 50მგ/12.5მგ N28,,35905,ლორისტა H 50მგ/12.5მგ #28ტ
549,28325,ლორისტა HD ტაბ. 100მგ/25მგ N28,,35600,ლორისტა HD 100მგ/25მგ #28ტ
550,7030,ლუცეტამი ტაბ.  400მგ N60,,13326,ლუცეტამი  400მგ #60ტ
551,7031,ლუცეტამი ტაბ.  800მგ N30,,13327,ლუცეტამი  800მგ #30ტ
552,7032,ლუცეტამი ტაბ. 1200მგ N20,,13328,ლუცეტამი 1200მგ #20ტ
553,44802,მაჟეზიკი სპრეი 0.25% 30მლ,,62947,მაჟეზიკი-სანოვ.0.25%30მლ აეროზ
554,50299,მაჟეზიკი-დუო ტაბ.100მგ/8მგ N14,,73457,მაჟეზიკი-სანოვ.დუო100/8მგ#14ტ
555,8096,მაჟეზიკი ტაბ. 100მგ N30,,14975,მაჟეზიკი-სანოველი 100მგ #30ტ
556,55718,მასტრელე ფლორა პლუსი ვაგ.კ.N10,,79409,მასტრელე ფლორა პლუსი#10ვაგ.კაფ
557,57138,მაქსაზიტი-500 ტაბ. 500მგ N3,,80791,მაქსაზიტი 500მგ #3ტ
558,3937,"მაქსიდექსი თვ.მალამო 0,1% 3,5გ",,7600,მაქსიდექსი 0.1% 3.5გ თვ/მალამო
559,4841,მაქსიტროლი მალამო 3.5გ,,7702,მაქსიტროლი თვ/მალამო 3.5გ
560,56365,მედეოკლავი სუს 312.5/5მლ 100მლ,,80449,მედეოკლავი 250+62.5მგ/5მლ100მლ
561,56364,მედეოკლავი სუს156.25/5მლ 100მლ,,80450,მედეოკლავი125+31.25მგ/5მლ100მლ
562,58867,მედეოლევი ტაბ.500მგ N10,,82204,მედეოლევი 500მგ #10ტ
563,32523,მედროლგინი ამპ.30მგ/1მლ 1მლ N5,,43641,მედროლგინი 30მგ/მლ 1მლ #5ა
564,29875,მელიპრამინი ტაბ. 25მგ N50,,7287,მელიპრამინი 25მგ #50დრ
565,34292,მელიტორი ტაბ. 25მგ N28,,41759,მელიტორი 25მგ #28ტ
566,11853,მერისტატი ტაბ. 500მგ N14,,29438,მერისტატ-სანოველი500მგ#14ტ
567,37906,მერტენილი ტაბ.  5მგ N30,,53429,მერტენილი  5მგ #30ტ
568,35639,მერტენილი ტაბ. 10მგ N30,,49270,მერტენილი 10მგ #30ტ
569,35640,მერტენილი ტაბ. 20მგ N30,,49271,მერტენილი 20მგ #30ტ
570,51569,მეტაზერო ტაბ. 23.75მგ N30,,74565,მეტაზერო 23.75მგ #30ტ
571,51571,მეტაზერო ტაბ. 47.5მგ N30,,74563,მეტაზერო 47.5მგ #30ტ
572,51570,მეტაზერო ტაბ. 95მგ N30,,74564,მეტაზერო 95მგ #30ტ
573,2245,მეტიპრედი ტაბ. 4მგ N30,,4259,მეტიპრედი 4მგ #30ტ
574,25134,მიგრალგინი ტაბ.  50მგ N10,,29419,მიგრალგინი  50მგ #10ტ  GMP
575,25135,მიგრალგინი ტაბ. 100მგ N10,,29000,მიგრალგინი 100მგ #10ტ  GMP
576,36128,მიდიანა ტაბ. 3მგ/0.03მგ N21,,43462,მიდიანა 0.03მგ/3მგ #21ტ
577,1145,მიდოკალმი ამპ.100მგ 1მლ N5,,1365,მიდოკალმი  10% 1მლ #5ა
578,1147,მიდოკალმი დრაჟე 50მგ N30,,342,მიდოკალმი  50მგ #30ტ
579,1146,მიდოკალმი დრაჟე 150მგ N30,,2797,მიდოკალმი 150მგ #30დრ
580,4319,მიკოსისტი კაფს. 50მგ  N7,,9885,მიკოსისტი  50მგ #7კაფს
581,4340,მიკოსისტი კაფს.100მგ N28,,9484,მიკოსისტი 100მგ #28კაფს
582,4341,მიკოსისტი კაფს.150მგ  N1,,9486,მიკოსისტი 150მგ #1კაფს
583,49089,მიკოსისტი კაფს.150მგ N2,,48731,მიკოსისტი 150მგ #2კაფს
584,5945,მიკოფლუ  კაფს. 150მგ  N1   GMP,,11826,მიკოფლუ 150მგ #1კაფს GMP
585,57581,მილურიტი ტაბ. 100მგ N30,,81807,მილურიტი 100მგ #30ტ
586,57582,მილურიტი ტაბ. 300მგ N30,,8497,მილურიტი 300მგ #30ტ
587,53949,მირამილ ტონზილი სპრეი 30მლ,,76832,მირამილ ტონზილი 30მლ სპრეი
588,47431,მირტაზონი ხსნ.15მგ/მლ 66მლ,,69983,მირტაზონი 15მგ/მლ 66მლ ხსნ.დოზ
589,56746,მიქსეგინი ვაგ.კაფს. N6,,80199,მიქსეგინი #6ტ ვაგინალური
590,1164,მოდიტენ-დეპო ამპ 25მგ/1მლ N5,,10428,მოდიტენ-დეპო 25მგ/1მლ#5ა(სლოვ)
591,47758,მოდუსი ტაბ. N30,,70371,მოდუსი #30ტ
592,53228,მოდუსი დრიმი ტაბ.N30,,75715,მოდუსი დრიმი მელატონინით#30ტ
593,44034,მოლოქსინი ტაბ.400მგ N5,,66726,მოლოქსინი 400მგ  #5ტ
594,36414,მონკასტა ტაბ. 10მგ N28,,50150,მონკასტა 10მგ #28ტ
595,44131,მონკასტა საღ. ტაბ. 4მგ N28,,65383,მონკასტა 4მგ #28ტ საღ.
596,44132,მონკასტა საღ. ტაბ. 5მგ N28,,65384,მონკასტა 5მგ #28ტ საღ.
597,54799,მონმორსი კაფსულა N90 GMP,,78230,მონმორსი  Hepa Formul #90კაფს
598,58208,მონცეტინი ტაბ. 10მგ/5მგ N20,,80789,მონცეტინი 10მგ/5მგ #20ტ
599,58209,მონცეტინი ტაბ. 4მგ/2.5მგ N20,,80790,მონცეტინი 4მგ/2.5მგ #20ტ
600,44998,მოტეკი ტაბ. 10მგ N28,,66556,მოტეკი 10მგ #28ტ საღეჭი
601,44997,მოტეკი საღეჭი ტაბ. 5მგ N28,,66553,მოტეკი 5მგ #28ტ საღეჭი
602,10363,მოქსინი ტაბ. 400მგ N5 GMP,,22831,მოქსინი 400მგ #5ტ GMP
603,11215,მუკოგენი ტაბ 100მგ N30,,21532,მუკოგენი 100მგ #30ტ
604,1184,ნაკლოფენი(დიკლოფ) ტ. 100მგ N20,,4210,ნაკლოფენი 100მგ #20ტ
605,39423,ნაკლოფენი გელი 10მგ/გ 60გ,,8165,ნაკლოფენი გელი 1% 60გ ტუბ
606,31324,ნაკლოფენი დუო კაფს. 75მგ N20,,5545,ნაკლოფენი დუო 75მგ #20კაფს
607,1186,ნაკლოფენი(დიკლოფ)ა.75მგ/3მლ N5,,1157,ნაკლოფენი(დიკლოფენაკი)3მლ #5ა
608,1188,ნაკომი ტაბ. 250მგ. N100,,348,ნაკომი 25მგ/250მგ #100ტ
609,10602,ნალგეზინი ტაბ. 275მგ N10,,4283,ნალგეზინი (ნაპროქს)275მგ #10ტ
610,46430,ნალგეზინი ფორტე ტაბ. N60,,64566,ნალგეზინი ფორტე 550მგ #60ტ
611,29851,ნასომეტი ცხ.სპრ 0.05% 18გ/140დ,,36383,ნასომეტი 0.05% 18გ/140დოზა აერ
612,27051,ნებეტა ტაბ. 5მგ N28,,30547,ნებეტა 5მგ #28ტ
613,35319,ნევრალონი ამპ. 2მლ N5,,48075,ნევრალონი 2მლ #5ა
614,34874,ნევრომედი კაფს. N15,,50213,ნევრომედი #15კაფს *
615,54345,ნეირო-B ამპ. 3მლ N5,,76718,ნეირო-B 3მლ ი.მ/ი.ვ#5ა
616,29786,ნეიროლეფსინი ტაბ.200მგ N50 GMP,,36345,ნეიროლეფსინი 200მგ #50ტ
617,29787,ნეიროლეფსინი ტაბ.400მგ N50 GMP,,36346,ნეიროლეფსინი 400მგ #50ტ
618,36835,ნეოაგრეგანი 150/30.39მგ N30GMP,,50950,ნეოაგრეგანი 150მგ/30.39მგ #30ტ
619,36834,ნეოაგრეგანი  75/15.2მგ N30 GMP,,50918,ნეოაგრეგანი 75მგ/15.2მგ #30ტ
620,18802,ნეოპრაზოლი კაფს. 20მგ N10 GMP,,28323,ნეოპრაზოლი 20მგ #10კაფს GMP
621,18803,ნეოპრაზოლი კაფს. 40მგ N10 GMP,,28324,ნეოპრაზოლი 40მგ #10კაფს GMP
622,47957,ნიამარინი ცხ.სპრეი 30მლ GMP,,69631,ნიამარინი 30მლ სპრეი
623,1244,ნიტრომინტი აეროზოლი 10გ.,,2422,ნიტრომინტი აეროზოლი 10გ
624,57135,ნიფლოქსი ტაბ.200მგ/500მგ N10,,81361,ნიფლოქსი 200მგ/500მგ #10ტ
625,51995,ნობაქსინი ტაბ. 500მგ N3,,75095,ნობაქსინი 500მგ #3ტ
626,48037,ნოვაკარდი Q10 კაფს.N30,,70590,ნოვაკარდი Q10 #30კაფს
627,3394,ნოვინეტი ტაბ.N21,,8126,ნოვინეტი 0.15მგ+0.02მგ #21ტ
628,49768,ნოზიფოლი-D საშეტი 4გ N30,,75460,ნოზიფოლი-D 4გ #30პაკ
629,36661,ნოლიპრელი ბი ფორტე ტაბ. N30,,45116,ნოლიპრელ ბი-ფორტე 10/2.5მგ#30ტ
630,18979,ნოლიპრელი ფორტე ტაბ.N30 არგინ.,,28111,ნოლიპრელ ფორტ.არგინ5/1.25მგ#30
631,18980,ნოლიპრელი ტაბ N30 არგინ.,,28110,ნოლიპრელი არგინ2.5/0.625მგ#30ტ
632,1270,ნოლიცინი ტაბ. 400მგ. N20,,1367,ნოლიცინი  400მგ #20ტ
633,38688,ნოლპაზა ტაბ. 20მგ N14,,55881,ნოლპაზა 20მგ #14ტ
634,46424,ნოლპაზა ტაბ. 20მგ N28,,69334,ნოლპაზა 20მგ #28ტ
635,45071,ნოლპაზა 40მგ ფლ N10,,66727,ნოლპაზა 40მგ #10ფლ
636,31552,ნოლპაზა ტაბ. 40მგ N28,,42133,ნოლპაზა 40მგ #28ტ
637,1276,ნორკოლუტი ტაბ. 5მგ N20,,378,ნორკოლუტი 5მგ #20ტ
638,4343,ნორმოდიპინი ტაბ. 5მგ N30,,9490,ნორმოდიპინი  5მგ #30ტ
639,4518,ნორმოდიპინი ტაბ.10მგ N30,,9784,ნორმოდიპინი 10მგ #30ტ
640,54988,ნორმოშპირონი კაფ.50მგ N30 GMP,,78229,ნორმოშპირონი 50მგ #30კაფს
641,50117,ნუროფენი სუსპ.ფორთ.150მლ საბავ,,75498,ნუროფენი 100მგ/5მლ150მლ ფორთ
642,45002,ნუროფენი  ტაბ. 200მგ N20,,10645,ნუროფენი 200მგ #20ტ
643,25144,ნუროფენი ფორტე შ.ტაბ.400მგ N12,,28998,ნუროფენი ფორტე 400მგ #12ტ
644,43547,ობარციფი სუსპ.100მგ/5მლ 60მლ,,65475,ობარციფი 100მგ/5მლ 60მლ სუსპ
645,53655,ოლეფარ დუო სპრეი 20მლ,,76437,ოლეფარ დუო 20მლ აეროზოლი
646,11979,ოლზაპი ტაბ.  5მგ N30,,24964,ოლზაპი  5მგ #30ტ GMP
647,11978,ოლზაპი ტაბ. 10მგ N30,,24965,ოლზაპი 10მგ #30ტ GMP
648,42225,ომესამი კაფს. N20,,62467,ომესამი 1000მგ #20კაფს GMP
649,54450,ომესამი სიროფი ჟოლო 120მლ  GMP,,77183,ომესამი 330მგ/5მლ 120მლ სიროფი
650,57261,ომესამი D3 კაფს. 1000მგ N20,,81083,ომესამი D3 1000მგ #20კაფს
651,58380,ომესამი კარდიო კაფს.N20,,82656,ომესამი კარდიო #20კაფს
652,46883,ომესამი ქიდსი კაფს. N20  GMP,,69240,ომესამი კიდსი 750მგ #20კაფსGMP
653,54755,ომესამი ჟელი N50,,78889,ომესამი ჟელი #50ტ საღ
654,46884,ომესამი ფორტე კაფს. N30,,69239,ომესამი ფორტე 1500მგ#30კაფსGMP
655,38224,ორამინ F კაფს. N30  GMP,,54399,ორამინ F #30კაფს
656,8749,ორლიპი კაფს. 120მგ N30 GMP,,16811,ორლიპი 120მგ #30კაფს GMP
657,54174,ორნილიფი 500/500მგ ტაბ.N10,,76721,ორნილიფი #10ტ
658,53545,ორნისიდი ვაგ.ტაბ.500მგ N5,,78918,ორნისიდი 500მგ #5ტ ვაგინალური
659,13486,ორნისიდი ფორტე ტაბ. 500მგ N10,,26989,ორნისიდი ფორტე 500მგ #10ტ
660,52238,ორნიფლოქსი ტაბ.500მგ/500მგ N10,,75087,ორნიფლოქსი 500მგ+500მგ #10ტ
661,48772,ორტონ ფლექსი პაკ.N10,,72563,ორტონ ფლექსი #10პაკ
662,46869,ორცერინი კაფს. 50მგ N30,,37849,ორცერინი 50მგ #30ტ
663,56327,ოსპამოქსი ტაბ. 1000მგ N12,,80446,ოსპამოქსი 1000მგ #12ტ
664,2649,ოსპამოქსი სუსპ.250მგ/5მლ 60მლ,,6802,ოსპამოქსი 250მგ/5მლ 60მლ სუსპ
665,56328,ოსპამოქსი ტაბ. 500მგ N12,,80447,ოსპამოქსი 500მგ #12ტ
666,16054,ოსტალონი ტაბ. 70მგ N4,,28988,ოსტალონი 70მგ #4ტ
667,50173,ოსტოლეკი ტაბ.70მგ N4,,72809,ოსტოლეკი 70მგ #4ტ
668,8872,ოტრივინი 0.1% 10მლ ცხვ.აეროზ.,,20408,ოტრივინი 0.1% 10მლ ცხვ/სპრ
669,52658,ოტრივინი მენთ/ევკ.სპრ0.1% 10მლ,,79562,ოტრივინი 0.1%10მლ.მენთ/ევკ.სპრ
670,8871,ოტრივინი 0.05% 10მლ ცხვ.წვ.,,8755,ოტრივინი წვეთები 0.05% 10მლ ფლ
671,26214,ოფერტა ტაბ. 10მგ N28,,30122,ოფერტა 10მგ #28ტ
672,52541,ოფთავიჟენი პლიუსი ტაბ.N30,,77317,ოფთავიჟენი  პლუსი#30ტ
673,30597,ოქსივინი კაფს. 30მგ N20    GMP,,37500,ოქსივინი 30მგ #20კაფს
674,1317,ოქსიტოცინი 5ერთ 1მლ N5,,874,ოქსიტოცინი 5სე/1მლ #5ა
675,54978,პაიდოტერინი დეკონგეს.სირ.100მლ,,78635,პაიდოტერინი დეკონგესტანტი100მლ
676,1328,პალინი კაფს 200მგ N20,,397,პალინი 200მგ #20კაფს
677,4026,პანადოლი ექსტრა ტაბ. N12,,6593,პანადოლი #12ტ ექსტრა
678,1336,პანადოლი'ბეიბი' 100მლ სუსპ.,,5017,პანადოლის 120მგ/5მლ 100მლ სუსპ
679,1341,პანანგინი დრ. N50,,400,პანანგინი #50ტ
680,1340,პანანგინი ამპ.10მლ N5,,399,პანანგინი 10მლ #5ა
681,57520,პანანგინი ფორტე ტაბ. N60,,80495,პანანგინი ფორტე#60ტ
682,53225,პანერი ტაბ.N30,,75714,პანერი #30ტ
683,42296,პანზატი კაფს. N30,,63834,პანზატი #30კაფს
684,29256,პანზინორმი 10000 კაფს. N21,,36311,პანზინორმი 10000 #21კაფს
685,31323,პანზინორმი ფორტე 20000 ტაბ.N30,,42586,პანზინორმი ფორტე 20000ერთ#30ტ
686,69411,რივოქსარი ტაბ.10მგ N10,,91263,რივოქსარი 10მგ #10ტ
687,70287,ოპტინოლი დამატენ.0.4% თ.წვ10მლ,,97623,ოპტინოლი 0.4% 10მლ დამატ.თვ/წვ
688,70288,ოპტინოლი ექსპ.დატ.0.21%თ.წ10მლ,,97624,ოპტინოლი 0.21%10მლ ექსპ.თვ/წვ
689,74967,ცეფტრინი ტაბ.300მგ N10,,96442,ცეფტრინი 300მგ #10ტ
690,78076,დეკავიტი სპრეი 12მლ,,97218,დეკავიტი 12მლ ორალ/სპრ
691,71314,ამვილაბი/ომეგა 3-6-9 ოკეანეN30,,92835,"ომეგა-3,6,9ამვილაბი ოკეან#30კ"
692,78298,ამვილაბი/ელექტროლიტები კაფსN30,,97765,ელექტროლიტები ამვილაბი#30კაფს
693,78296,ამვილაბი/ომეგა ქიდს საღ.მარN60,,97776,ომეგა ქიდსი ამვილაბი#60ტ საღ
694,8414,კარდირატი ტაბ. 12.5მგ N30,,14904,კარდირატი 12.5მგ #30ტ
695,30908,კეტამო ამპ. 30მგ/1მლ N10,,89743,კეტამო-რაციონ30მგ/1მლ#10ი.ვ/მ
696,36898,ლემუდორი ტაბ. 100მგ N10,,48427,ლემუდორი 100მგ #10ტ
697,63773,ფეროვიტი სიროფი 50მგ/5მლ 100მლ,,83922,ფეროვიტი 50მგ/5მლ100მლ სიროფი
698,72993,პურალიდი ლიპოგელი თვ.გელი 15მლ,,92755,პურალიდ ლიპოგელი 15მლ ფლ
699,36885,ზოპინი ტაბ.  100მგ N100,,51887,ზოპინ-100 100მგ #100ტ
700,67918,პენილეველი პაკ. 250მგ N40,,90196,პენილეველი 250მგ პერ/ფხვ#40პაკ
701,77894,ლივსელონი სუსპ. 250მლ,,96718,ლივსელონი ადვანსი 250მლ სუსპ
702,77342,სორვიტიმბი ტაბ.10/10მგ N30,,97627,სორვიტიმბი 10მგ/10მგ#30ტ
703,77343,სორვიტიმბი ტაბ.20/10მგ N30,,97628,სორვიტიმბი 20მგ/10მგ#30ტ
704,58495,სალბუაირი 2.5მგ/2.5მლ ინ.სუN60,,71268,სალბუაირი2.5მგ/2.5მლ ინჰ/ხს#60
705,78573,იოდი ვენატურა წვთ.25მლ,,97542,ვენატურა იოდი 25მლ წვეთები
706,26030,ცერებროლიზინი 10მლ N5,,31607,ცერებროლიზინი 10მლ #5ა
707,65456,მილურიტი ტაბ.200მგ N30,,89040,მილურიტი 200მგ #30ტ
708,66557,ტორვაზინ პლიუსი კაფ40/10მგ N30,,89256,ტორვაზინ პლუსი 40/10მგ#30კაფს
709,54567,კეტილეპტი პროლონგი ტ.200მგ N60,,79549,კეტილეპტი პროლონგი 200მგ #60ტ
710,77231,ბუდესონიდი სუს.0.25მგ/მლ2მლN20,,97644,ბუდესონიდ ალ-უნ0.25მგ2მლ#20ინჰ
711,65675,კალმოდენტი მინან/აღს.გელი 75მლ,,93777,კალმოდენტის 75მლ გელი
712,79546,კალმოზინი საჭმლ.მონელ.ფლ.N1,,124675,კალმოზინი საჭმ.მონელება100მლ
713,79548,კალმოზინი ღრძილ.გელი ფლ.15მლ,,124676,კალმოზინი ღრძ.გელი 15მლ
714,79547,კალმოზინი რძ.მომ.სირ.საშეტ.N14,,124674,კალმოზინი რძის მომყვანი#14პაკ
715,71315,ამვილაბი/ომეგა 3-6-9 ვეგან.N30,,92832,"ომეგა-3,6,9ამვილაბი ვეგან#30კ"
716,80047,კრედავეიტი მალ. 0.05%  30გრ,,126066,"კრედავეიტი 0,05% 30გ მალ"
717,80051,ტადრეტა ტაბ. 5მგ N20,,126063,ტადრეტა 5მგ #20ტ
718,80512,ბი-სეპტანი ნეო ს.240მგ/5მლ60მლ,,126062,ბი-სეპტინ-ნეო240მგ/5მლ60მლ სუს
719,80050,ტადრეტა ტაბ.10მგ N20,,126064,ტადრეტა 10მგ #20ტ
720,80049,მიციბონი ტაბ. 150მგ N30,,95786,მიციბონი 150მგ #30ტ
721,61305,პანდევიტი ბეიბი 400სე 30მლ სპრ,,81955,პანდევიტი ბეიბ400სე200დ30მლ სპ
722,80513,ტენოვიქსი ამპ. 20მგ N3+3,,126791,ტენოვიქსი 20მგ +3გამხს #3ა
723,77232,სალბუაირი 5მგ/2.5მლ ინჰ.სუსN60,,71269,სალბუაირი 5მგ/2.5მლ ინჰ/ხს#60ა
724,58157,პრობიტეკი პლიუსი კაფს.N30,,81330,პრობიტეკი პლუსი#30კაფს
725,6168,ანაპრილინი ტაბ. 0.01გ N20  GMP,,12181,ანაპრილინი 0.01გ #20ტ GMP
726,84778,მიდოკალმი ლონგი ტაბ.450მგ N30,,130752,მიდოკალმი ლონგი 450მგ #30ტ
727,86186,ეკვამერი კაფ.10/5/10მგ N30,,134632,ეკვამერი 10მგ/5მგ/10მგ #30ტ
728,27929,დოპელჰერც/აქტ.დიაბ.ვიტ.ტაბ.N30,,35573,დოპელჰერცი დიაბეტიანების #30ტ*
729,69959,დოპელჰერც/აქტ.ვიტD2000ს.ე.ტN45,,91660,დოპელჰერცი ვიტ.D3 2000სე#45ტ
730,65768,მედი დრინქ პლიუსი მარწყვი,,137455,მედი დრინქ პლუსი 200მლ მარწყვი
731,68951,ამვილაბი/იმუნსაპორტი კაფს.N30,,92152,იმუნსაპორტი ამვილაბი#30კაფს
732,78322,კარდიოასმაგნე  75/15.2მგ N100,,97199,კარდიოასმაგნე  75მგ #100ტ
733,73233,რივაროქსი ტაბ.10მგ N10,,90119,რივაროქსი 10მგ #10ტ
734,72941,ზეტორი პლუსი ტაბ.10/10მგ N30,,93323,ზეტორი პლუსი 10მგ/10მგ #30ტ
735,72942,ზეტორი პლუსი ტაბ.20/10მგ N30,,93324,ზეტორი პლუსი 20მგ/10მგ #30ტ
736,70958,ცინკუს-15 ტაბ.N30,,96665,ცინკუს 15მგ #30ტ
737,58279,ტურბო გელი 100მლ,,89114,ტურბო გელი 100მლ გელი
738,34589,სილვედერმა სპრეი 10მგ/მლ 50მლ,,45837,სილვედერმა 10მგ/მლ50მლ კან/სპრ
739,58151,ნიტოლიკი სპრეი 50მლ,,81569,ნიტოლიკი 50მლ ტილების/ს.სპრეი
740,78398,ცინკოვიდი კარდიო შუშხ.ტაბ.N20,,97396,ცინკოვიდი კარდიო#20ტ შუშხ
741,81006,მეტროვენს გინო ვაგ.სუპ N10,,129538,მეტროვენს გინო #10ვაგ.სუპოზ
742,81005,მემიბელ-L ვაგ.სუპოზ. N7,,129535,მემიბელ-L #7ვაგ.სუპოზ
743,80204,კოლერინი ჰიდრო პ.250მგN10 ჟოლო,,125682,კოლერინ ჰიდრო #10პაკ
744,30322,დროპლექსი ყურ.წვ. 15მლ,,37103,დროპლექსი 15მლ ყურის წვეთები
745,83411,კლიმასტონი ტაბლეტი N30,,129481,კლიმასტონი #30ტ
746,78323,კარდიოასმაგნე 150/30.39მგ N100,,97200,კარდიოასმაგნე 150მგ #100ტ
747,80205,ამვილაბი/ბიოტინი 2500მკგ N30,,130403,ბიოტინი ამვილაბი2500მკგ#30კაფს
748,80206,ამვილაბი/ვიტ.B კომპლექსი N30,,130410,ვიტ.B კომპ.ამვილაბი#30კაფს
749,78297,ამვილაბი/ვიტ.B12 საღეჭი ტაბN30,,97775,ვიტ.B12ამვილაბი1000მკგ#30ტ საღ
750,83193,ამვილაბი/ვიტ.D3 საღ.ტ400სე N60,,130417,ვიტ.D3 ამვილაბი 400სე#60ტ.საღ
751,83189,ამვილაბი/ვიტ.E 400სე კაფ.N30,,130420,ვიტ.E ამვილაბი  400სე#30კაფს
752,83235,ამვილაბი/თუთია D3საღ.ტბ15მგN60,,130432,თუთია D3 ამვილაბი 15მგ#60ტ.საღ
753,83194,ამვილაბი/თუთია საღ.ტბ.15მგ N60,,130438,თუთია 15მგ ამვილაბი#60ტ.საღ
754,83190,ამვილაბი/კოენზიმ Q10 კ120მგN30,,130441,კოენზიმ Q10 ამვილაბი 120მგ#30კ
755,68323,ამვილაბი/ჰიალურონი ტაბ.N60,,130485,ჰიალურონი ამვილაბი #60ტაბ
756,83192,ამვილაბი/ლეციტინი კაფს.N90,,130473,ლეციტინი ამვილაბი #90კაფს
757,80836,ამვილაბი/რკინა ტაბ.N60,,130483,რკინა ამვილაბი #60ტ
758,80208,ამვილაბი/პრენატალი ტაბ.N30,,130482,პრენატალი ამვილაბი #30ტ
759,68082,ამვილაბი/ქოქოსის ნახშირ.კაფN30,,130484,ქოქოსის ნახშ.ამვილაბი#30კაფს
760,68715,მედი დრინქ პლიუსი გემოს გარეშე,,136369,მედი დრინქ პლუსი200მლ
761,28556,კინატროფინა სიროფი 200მლ,,34291,კინატროფინა 200მლ სიროფი
762,81496,დიაფაგი ფლ.20მლ N4,,131088,დიაფაგი 20მლ #4 ფლ
763,81495,რესპიფაგი ფლ.20მლ N4,,131089,რესპიფაგი 20მლ #4ფლ
764,71109,პანდევიტი K წვეთები 10მლ,,89673,პანდევიტი K 10მლ წვეთები
765,70241,სიდომოლ ქიდსი სიროფი 100მლ,,89444,სიდომოლ ქიდსი 100მლ სიროფი
766,76241,პრობილანსი პაკეტი N10,,95096,პრობილანსი ფხვ#10პაკ
767,76240,პრობილანსი კაფსულა N20,,94794,პრობილანსი #20კაფს
768,29889,პანზინორმი ფორტე 20000 ტაბ.N10,,28574,პანზინორმი ფორტე N 20000ერ#10ტ
769,48622,პანტაციდი 40მგ ტაბ.N14,,71212,პანტაციდი 40მგ #14ტ
770,57259,პანტოპრა ტაბ. 40მგ N28  GMP,,80871,პანტოპრა 40მგ #28ტ
771,31903,"პარკინი ტაბ. 0,25მგ N100",,42827,პარკინი 0.25მგ #100ტ
772,31044,პარკინი ტაბ. 1მგ N100,,44076,პარკინი 1მგ #100ტ
773,9288,პარლაზინი ტაბ. 10მგ N30,,17670,პარლაზინი 10მგ #30ტ
774,9289,პარლაზინი წვეთები  20მლ,,17671,პარლაზინი 10მგ/მლ 20მლ წვეთები
775,2299,პენიცილინი G 1მლნ ფლ,,414,პენიცილინი G ფლ
776,7179,პეო (ცეფტრიაქსონი) 1.0გრ N1 ფლ,,13464,პეო 1გ ფლ GMP
777,26967,პეო ლიდოკაინით 1.0გრ N1 ფლ,,30484,პეო 1გ ფლ ლიდოკაინით GMP
778,49020,პერისტალიდი 667მგ/მლ 200მლ GMP,,71417,პერისტალიდი 667მგ/მლ 200მლ ფლ
779,55663,პერსეკო პლიუსი ტაბ4/1.25მგ N30,,79251,პერსეკო-სანოველ.პლ4/1.25მგ#30ტ
780,51072,პერსენი დღე ტაბ. N40,,74111,პერსენი დღე #40ტ
781,51073,პერსენი ღამე კაფს. N20,,74121,პერსენი ღამე #20ტ
782,56269,პერუფენი კაფს.200მგ N20 GMP,,71414,პერუფენი 200მგ #20კაფს
783,49019,პერუფენი 20მგ/მლ 200მლ GMP,,69627,პერუფენი 20მგ/მლ 200მლ სუსპ.
784,47558,პერუფენი კაფს.400მგ N20 GMP,,71415,პერუფენი 400მგ #20კაფს
785,29152,პექტროლი ტაბ. 40მგ N30,,36278,პექტროლი 40მგ #30ტ
786,29153,პექტროლი ტაბ. 60მგ N30,,41722,პექტროლი 60მგ #30ტ
787,53412,პიგასპინი კაფს. 75მგ/75მგ N30,,76435,პიგასპინი 75მგ/75მგ#30კაფს
788,36907,პიკოვიტი პრებიო სიროფი 150მლ,,51938,პიკოვიტი პრებიო 150მლ ფლ
789,1387,პიკოვიტი სიროფი 150მლ.,,420,პიკოვიტი სიროფი 150მლ #1ფლ
790,38197,პიკოვიტი IQ სიროფი 130მლ,,78823,პიკოვიტი სიროფი IQ130მლ ფლ
791,6132,პიკოვიტი ფორტე ტაბ. N30,,12075,პიკოვიტი ფორტე #30ტ
792,1397,პიპოლფენი ამპ. 50მგ/2მლ N10,,2161,პიპოლფენი  2.5% 2მლ #10ა
793,4195,პიროქსიკამი კაფს. 20მგ N20 GMP,,9324,პიროქსიკამი 20მგ #20კაფს GMP
794,43408,პიქსიმი სუსპ. 100მგ/5მლ 60მლ,,64185,პიქსიმი 100მგ/5მლ 60მლ სუსპენზ
795,27702,პოლეზინი ტაბ. 5მგ N14,,32261,პოლეზინი 5მგ #14ტ
796,27764,პოლეზინი წვეთები 5მგ/მლ 20მლ,,32262,პოლეზინი 5მგ/მლ 20მლ წვეთები
797,1434,პოლიგლუკინი 400მლ,,433,პოლიგლუკინი 400მლ ფლ
798,1873,პოლიჟინაქსი ვაგინ.კაფს. N12,,4052,პოლიჟინაქსი ვაგინალური #12კაფს
799,6240,პოსტინორი ტაბ. 0.75მგ N2,,12219,პოსტინორი 0.75მგ #2ტ
800,53172,პრედნიზონა ტაბ.5მგ N30,,76216,პრედნიზონა კერნ ფარმა 5მგ#30ტ
801,54231,პრედუქტალი OD კაფ.80მგ N30,,76553,პრედუქტალი OD 80მგ #30კაფს
802,29640,პრევიტა (ორსულ.ვიტ)ტაბ.N30,,36866,პრევიტა #30ტ
803,29510,პრენესა ტაბ. 4მგ N30,,36359,პრენესა 4მგ #30ტ
804,29511,პრენესა ტაბ. 8მგ N30,,36360,პრენესა 8მგ #30ტ
805,27586,პრესტანსი ტაბ.  5მგ/10მგ N30,,29892,პრესტანსი  5/10მგ #30ტ
806,27582,პრესტანსი ტაბ.  5მგ/5მგ N30,,29893,პრესტანსი  5/5მგ #30ტ
807,27585,პრესტანსი ტაბ. 10მგ/10მგ N30,,29890,პრესტანსი 10/10მგ #30ტ
808,27584,პრესტანსი ტაბ. 10მგ/5მგ N30,,29891,პრესტანსი 10/5მგ #30ტ
809,12397,პრესტარიუმი ტაბ. 5მგ N30,,25498,პრესტარიუმი  5მგ #30ტ
810,12398,პრესტარიუმი ტაბ.10მგ N30,,25412,პრესტარიუმი 10მგ #30ტ
811,53181,პრესტილოლი ტაბ. 5მგ/10მგ N30,,75406,პრესტილოლი  5/10მგ #30ტ
812,53180,პრესტილოლი ტაბ. 5მგ/5მგ N30,,75405,პრესტილოლი  5/5მგ #30ტ
813,15977,პრიმაკორტი ფლ. 200მგ N1,,21530,პრიმაკორტი 200მგ #1ფლ
814,12009,პრონორანი ტაბ. 50მგ N30,,25050,პრონორანი 50მგ #30ტ
815,42548,პროსტაკაფსი რბილი კაფს. N30,,63027,პროსტაკაფსი #30კაფს
816,47762,პროსტამინი ტაბ. N30,,70376,პროსტამინი #30ტ
817,26700,პროსტორალი ტაბ. N30,,29536,პროსტორალი #30ტ
818,4278,პროქტო-გლივენოლი სუპ.400მგ N10,,7118,პროქტოგლივენოლის სანთელი #10
819,10676,პულმოლანი ტაბ. 30მგ N20 GMP,,23541,პულმოლანი 30მგ #20ტ GMP
820,25137,პულმოლანი 30მგ/5მლ 100მლ სიროფ,,28990,პულმოლანი 30მგ/5მლ 100მლ სიროფ
821,12048,პუროქსანი სიროფი 100მლ,,25012,პუროქსანი 2% 100მლ სიროფი
822,54371,ჟელი-ვიტი კომბ. 250მგ N50 GMP,,77648,ჟელი ვიტი  #50ტ საღ
823,35153,რაბელოკი 20 ტაბ. 20მგ N10,,51747,რაბელოკი 20მგ #10ტ
824,28326,რაველი SR ტაბ. 1.5მგ N30,,34885,რაველი SR 1.5მგ #30ტ
825,47978,რაზალექტი 1მგ.ტაბ.N30,,71280,რაზალექტი 1მგ #30ტ
826,44531,რაპიტუსი სიროფი 30მგ/5მლ 120მლ,,65948,რაპიტუსი 30მგ/5მლ 120მლ სიროფი
827,37076,რეგენიუმი საღ.ტაბ. N20  GMP,,71007,რეგენიუმი #20ტ საღეჭი *
828,46885,რეგენიუმი სუსპენზია 120მლ,,69237,რეგენიუმი 120მლ სიროფი
829,5539,რეგულაქსი წვეთები 20მლ,,11356,რეგულაქსი 20მლ წვეთები
830,31606,რეგულონი ტაბ. 3X21,,8128,რეგულონი 0.15მგ+0.03მგ #63ტ
831,54955,რენოქსი სპრეი 50მკგ 140დოზა,,78150,რენოქსი 50მკგ 140დ ნაზ.სპრეი
832,1513,რეოპოლიგლუკინი 400მლ,,30128,რეოპოლიგლუკინი 400მლ (სომხ)ფლ
833,46886,რეოფარი ტაბ. N30   GMP,,69633,რეოფარი #30ტ
834,31308,რეპარონი რექტ. სუპპ. N10,,38642,რეპარონი #10რექტ.სუპოზ.
835,31309,რეპარონი მალამო 25გ,,38641,რეპარონი 25გ მალამო
836,1514,რეტაბოლილი ამპ.50მგ 1მლ N1,,462,რეტაბოლილი 50მგ/1მლ #1ა
837,53311,რეფკონი ადვანსი სუსპ.200მლ,,75923,რეფკონ ადვანსი 200მლ სუსპ.
838,52223,რექსეპი ტაბ. 5მგ N28,,75162,რექსეპი   5მგ #28ტ
839,53341,რექსეპი ტაბ.10მგ N28,,75163,რექსეპი  10მგ #28ტ
840,52117,რექსეპი კომბი კაფს.3მგ/25მგN30,,75164,რექსეპი კომბი 3მგ/25მგ #30კაფს
841,8358,რექსეტინი  ტაბ.20მგ  N30,,15222,რექსეტინი 20მგ #30ტ
842,1520,რიგევიდონი ტაბ. 3X21,,1628,რიგევიდონი  #63ტ
843,10744,რილეის-პლუსი ტაბ 20/12.5მგ N28,,23854,რილეის პლუსი 20მგ/12.5მგ #28ტ
844,31406,რინოფლუიმუცილი ცხვ.სპრეი 10მლ,,43536,რინოფლუიმუცილი 10მლ ნაზ.სპრეი
845,32157,როზულიპი ტაბ. 10მგ N28,,43463,როზულიპი 10მგ #28ტ
846,32158,როზულიპი ტაბ. 20მგ N28,,43464,როზულიპი 20მგ #28ტ
847,47866,როზულიპი პლიუსი10/10მგ კაფ.N30,,70159,როზულიპი პლუსი 10მგ/10მგ#30კაფ
848,47867,როზულიპი პლიუსი20/10მგ კაფ.N30,,70160,როზულიპი პლუსი 20მგ/10მგ#30კაფ
849,60245,როზულიპი პლიუსი 5/10მგ კაფ.N30,,83775,როზულიპი პლუსი 5მგ/10მგ#30კაფ
850,37591,როლიპექსი ტაბ. 40მგ N28,,54154,როლიპექსი 40მგ #28ტ
851,54628,როტიკოქსი ტაბ. 60მგ N28,,77691,როტიკოქსი  60მგ #28ტ
852,54629,როტიკოქსი ტაბ. 90მგ N28,,77690,როტიკოქსი  90მგ #28ტ
853,54630,როტიკოქსი ტაბ.120მგ N7,,77689,როტიკოქსი 120მგ #7ტ
854,54370,სალბუტამოლი სპრ100მკგ/200დ GMP,,77182,სალბუტამოლი 100მკგ/დ200დ.აეროზ
855,5216,სალბუტამოლი ტაბ. 4მგ N40   GMP,,10574,სალბუტამოლი 4მგ #40ტ GMP
856,27919,სარტონი ტაბ.  8მგ N28,,35770,სარტონი  8მგ #28ტ
857,26884,სარტონი პლუსი ტაბ. 16/12.5 N28,,30362,სარტონი პლუსი 16/12.5მგ #28ტ
858,10646,სედარექსი ტაბ. 1მგ N30 GMP,,23477,სედარექსი 1მგ #30ტ GMP
859,10647,სედარექსი ტაბ. 2მგ N30 GMP,,23478,სედარექსი 2მგ #30ტ GMP
860,10648,სედარექსი ტაბ. 4მგ N30 GMP,,23479,სედარექსი 4მგ #30ტ GMP
861,42774,სელევეფი ტაბ. N30,,75924,სელევეფი #30ტ
862,56702,სელენეტი ტაბ. N45,,81158,სელენეტი 200მკგ#45ტ
863,57407,სელტა ტაბ. 200მკგ N60,,81086,სელტა 200მგ #60ტ
864,36405,სენტრამი ფლ.0.75გ I/M+ლიდოკ.N1,,50032,სენტრამი 0.75გ+გამხსნ.#1ფლ ი/მ
865,36399,სენტრამი ფლ.1.5გ I/M+ლიდოკ.N1,,50033,სენტრამი 1.5გ+გამხსნ.#1ფლ ი/მ
866,1621,სეპტოლეტე დრ.N30,,1300,სეპტოლეტე #30დრ
867,50631,სეპტოლეტე ექსტრა სპრეი 30მლ,,71411,სეპტოლეტე ექს1.5/5მგ/მლ30მლ სპ
868,28403,სეტეგისი ტაბ. 2მგ N30,,14178,სეტეგისი  2მგ #30ტ
869,28404,სეტეგისი ტაბ. 5მგ N30,,14179,სეტეგისი  5მგ #30ტ
870,27904,სილარსილი კაფს. 140მგ N30,,32466,სილარსილი 140მგ #30კაფს
871,54269,სილვერონი ვაგ.ხსნარი100მლ N3,,77611,სილვერონი 100მლ ვაგ.ხს#3
872,31071,სილიმარა 450 ტაბ. N60,,46432,სილიმარა 450მგ #60ტ
873,41417,სიმბავიტი სიროფი 150მლ,,75300,სიმბავიტი 150მლ სიროფი
874,50712,სიმბავიტი D3 წვ. 15მლ,,76343,სიმბავიტი D3 50000ს/ე 15მლ ფლ
875,54462,სიმბრინზა თვალის წვეთები 5მლ,,75874,სიმბრინზა 10მგ/2მგ 5მლ თვ.წვეთ
876,30419,სინგულარი ტაბ. 10მგ N14,,37438,სინგულარი 10მგ #14ტ
877,37988,სინდრანოლი ტაბ. 2მგ N28,,53483,სინდრანოლი 2მგ #28ტ
878,37989,სინდრანოლი ტაბ. 4მგ N28,,53543,სინდრანოლი 4მგ #28ტ
879,4279,სინეკოდი სიროფი 200მლ,,8759,სინეკოდი სიროფი15მგ/10მლ 200მლ
880,5343,სინუფორტე  სპრეი  35 დოზა,,11129,სინუფორტე 35დოზა სპრეი (საქ)
881,7340,სირდალუდი ტაბ. 2მგ  N30,,9072,სირდალუდი 2მგ #30ტ
882,7341,სირდალუდი ტაბ. 4მგ  N30,,6842,სირდალუდი 4მგ #30ტ
883,48817,სობიკორი ტაბ.5მგ N30,,71254,სობიკორი  5მგ #30ტ
884,53656,სოლებრინი სიროფი 100მლ,,76436,სოლებრინი 100მლ სიროფი
885,58379,სოლეკარდი კაფს.N30,,81915,სოლეკარდი #30კაფს
886,2387,სოლკოსერილი 5% 5გ დენტალ პასტა,,5135,სოლკოსერილი 5% 5გ დენტინ პასტა
887,2456,სოლკოსერილი ამპ. 5მლ N5,,5123,სოლკოსერილი 5მლ #5ა
888,1657,სოლკოსერილი მალამო 5% 20გ,,489,სოლკოსერილი მალამო 5% 20გ
889,1658,სოლკოსერილი ჟელე 10% 20გ,,11292,სოლკოსერილი ჟელე 10% 20გ SOLCO
890,52657,სოლპადეინი აქტივი შუშხ.ტაბ.N12,,79565,სოლპადეინი აქტივი#12ტ.შუშ
891,5661,სომნა-რიცი კაფს. N10      GMP,,11430,სომნა-რიცი #10ტ
892,32957,სომნა-რიცი კაფს. N30      GMP,,44325,სომნა-რიცი #30კაფს
893,5662,სომნა-რიცი ფორტე N10   GMP,,11431,სომნა-რიცი ფორტე #10ტ
894,45370,სონერალი კაფს. N60   GMP,,67782,სონერალი #60კაფს
895,6157,სორბიფერი დურულესი ტაბ. N30,,12289,სორბიფერ დურულესი+ვიტC #30ტ
896,1665,სორბიფერი დურულესი ტაბ. N50,,2743,სორბიფერ დურულესი+ვიტC #50ტ
897,37176,სორვასტა ტაბ.  5მგ N28,,51744,სორვასტა  5მგ #28ტ
898,34865,სორვასტა ტაბ. 10მგ N28,,47715,სორვასტა 10მგ #28ტ
899,35308,სორვასტა ტაბ. 15მგ N28,,49274,სორვასტა 15მგ #28ტ
900,34866,სორვასტა ტაბ. 20მგ N28,,47716,სორვასტა 20მგ #28ტ
901,35309,სორვასტა ტაბ. 30მგ N28,,49275,სორვასტა 30მგ #28ტ
902,34867,სორვასტა ტაბ. 40მგ N28,,47717,სორვასტა 40მგ #28ტ
903,56708,სპიროლაქტი ტაბ.50მგ/20მგ N10,,80579,სპიროლაქტი 50მგ/20მგ #10ტ
904,10626,სტაზექსი ტაბ.75მგ N10 GMP,,23480,სტაზექსი 75მგ #10ტ GMP
905,48693,სტარლიტი ტაბ.100/25/200მგ N100,,71278,სტარლიტი 100მგ/25მგ/200მგ#100ტ
906,49149,სტარლიტი ტაბ.200/50/200მგ N100,,71674,სტარლიტი 200მგ/50მგ/200მგ#100ტ
907,48692,სტარლიტი ტაბ.50/12.5/200მგN100,,71279,სტარლიტი50მგ/12.5მგ/200მგ#100ტ
908,51243,სტარტუმი ამპ. N3,,73771,სტარტუმი ფხვ.+2მლ გამხს#3ა
909,56879,სტიბერილი სპრეი 1.0% 15მლ GMP,,80574,სტიბერილი 1% 15მლ სპრეი
910,56880,სტიბერილი ხსნარი 1.0% 15მლ GMP,,80575,სტიბერილი 1% 15მლ ხსნარი
911,28406,სტიმულოტონი ტაბ. 50მგ N30,,37938,სტიმულოტონი 50მგ #30ტ
912,43954,სტოპდიარი ტაბ. 100მგ N24,,65247,სტოპდიარი 100მგ #24ტ
913,41055,სტოპდიარი სუსპ. 220მგ/5მლ 90მლ,,59073,სტოპდიარი 220მგ/5მლ 90მლ სიროფ
914,27037,სტოპექსი კაფს. 2.0მგ N10 GMP,,30543,სტოპექსი 2მგ #10კაფს GMP
915,6228,სტრეპსილსი საწუწნი   ტაბ. N24,,3678,სტრეპსილსი #24ტ
916,6230,სტრეპსილსი ვიტ.C  საწ.ტაბ. N24,,10376,სტრეპსილსი #24ტ ვიტ.C
917,6229,სტრეპსილსი ლიმონ. და თაფლ. N24,,10375,"სტრეპსილსი #24ტ თაფლით,ლიმონით"
918,29847,სტრეპსილსი პლუსი საწ.ტაბ.N24,,36509,სტრეპსილსი #24ტ პლუსი
919,55813,სტრესნოლი კაფს. N15,,79769,სტრესნოლი #15კაფს
920,55941,სტრონგუსი კაფს.N60,,81898,სტრონგუსი #60კაფს
921,1690,სტუგერონი ტაბ. 25მგ N50,,504,სტუგერონი 25მგ #50ტ
922,12241,სუარონი პაკეტი 100მგ N10,,25411,სუარონი 100მგ #10პაკ
923,11176,სუარონი ტაბ. 100მგ N20 GMP,,23856,სუარონი 100მგ #20ტ GMP
924,42385,სუკროფერი ამპ.ი/ვ 100მგ/5მლ N5,,62911,სუკროფერი 20მგ/მლ 5მლ #5ა
925,1695,სულფასალაზინი ტაბ.500მგ.N50,,999,სულფასალაზინი 0.5გ #50ტ
926,1699,სუმეტროლიმი(ბისეპტ) 480მგ.N20,,2162,სუმეტროლიმი 480მგ  #20ტ
927,1703,სუპრასტინი ამპ.20მგ/1მლ.N5,,508,სუპრასტინი 2% 1მლ #5ა
928,1704,სუპრასტინი ტაბ.25მგ.N20,,507,სუპრასტინი 25მგ #20ტ
929,1712,ტავეგილი ტაბ.1მგ.N20,,516,ტავეგილი 1მგ #20ტ
930,1711,ტავეგილი ამპ.2მლ.N5,,517,ტავეგილი 2მგ/2მლ #5ა
931,267,ტაიქოლდი  კაფს. N10        GMP,,11061,ტაიქოლდი #10კაფს GMP
932,6006,ტაიქოლდი  კაფს.  N3        GMP,,11854,ტაიქოლდი #3კაფს GMP
933,18558,ტაიქოლდი პაკ.თაფლ+ლიმ N10 GMP,,28166,"ტაიქოლდი თაფლით,ლიმონით#10პაკ"
934,57023,ტაიქოლდი კიდსი სირ.40მგ/მლ85მლ,,80738,ტაიქოლდი კიდსი40მგ/მლ 85მლ სირ
935,9339,ტაიქოლდი  პაკ. ლიმონ. N10 GMP,,17975,ტაიქოლდი ლიმონით #10პაკ GMP
936,55825,ტაიქოლდ ლორი საწ.ტაბ.თ/ლიმ.N24,,79355,ტაიქოლდი ლორი თაფლ/ლიმ#24ტ
937,55824,ტაიქოლდ ლორი საწ.ტაბ.ფორთოხN24,,79357,ტაიქოლდი ლორი ფორთ#24ტ
938,12146,ტაიქოლდი პაკ.ჟოლოთი N10 GMP,,25095,ტაიქოლდი ჟოლოთი #10პაკ GMP
939,29850,ტაიქოლდი პაკ.ტყის კენკრ.N10GMP,,36366,ტაიქოლდი ტყის კენკრა #10პაკ
940,10164,ტალიზი კაფს. 0.4მგ N30 GMP,,22131,ტალიზი 0.4მგ #30კაფს GMP
941,10557,ტალიტონი  ტაბ.  6.25მგ N28,,23630,ტალიტონი  6.25მგ #28ტ
942,11471,ტალიტონი  ტაბ. 12.5მგ N28,,24884,ტალიტონი 12.5მგ #28ტ
943,10338,ტალიტონი  ტაბ. 25მგ N28,,22780,ტალიტონი 25მგ #28ტ
944,25039,ტამსოლი კაფს. 0.4მგ N30,,28989,ტამსოლი 0.4მგ #30კაფს
945,1738,ტეგრეტოლი ტაბ. 200მგ  N50,,520,ტეგრეტოლი 200მგ #50ტ
946,43273,ტენიკამი ფლ. 20მგ N1  GMP,,64069,ტენიკამი 20მგ #1ფლ GMP
947,11425,ტენოქსი ტაბ.  5მგ N30,,24205,ტენოქსი  5მგ #30ტ
948,11426,ტენოქსი ტაბ. 10მგ N30,,24206,ტენოქსი 10მგ #30ტ
949,6861,ტერაფლუ პაკეტი N10,,11648,ტერაფლუ #10პაკ
950,8707,ტერაფლუ  ექსტრა პაკ.N10,,16665,ტერაფლუ ექსტრა #10პაკეტი
951,6184,ტერბიზილი კრემი 1% 15გ,,12216,ტერბისილი 1% 15გ კრემი
952,1753,ტიბერალი ტაბ. 500მგ  N10,,3221,ტიბერალი  500მგ #10ტ
953,1757,ტიზერცინი ტაბ. 25მგ N50,,858,ტიზერცინი  0.025გ #50დრ
954,1756,ტიზერცინი ამპ. 25მგ/1მლ N10,,2163,ტიზერცინი 25მგ 1მლ #10ა
955,44032,ტირეგისი ტაბ. 40მგ N28,,65177,ტირეგისი 40მგ #28ტ
956,44033,ტირეგისი ტაბ. 80მგ N28,,65178,ტირეგისი 80მგ #28ტ
957,48282,ტირეგისი-D ტაბ.40მგ/12.5მგ N28,,70681,ტირეგისი-D 40მგ/12.5მგ #28ტ
958,48281,ტირეგისი-D ტაბ.80მგ/12.5მგ N28,,70680,ტირეგისი-D 80მგ/12.5მგ #28ტ
959,48283,ტირეგისი-D ტაბ.80მგ/25მგ N28,,70682,ტირეგისი-D 80მგ/25მგ #28ტ
960,4846,ტობრადექსი თვ/მალამო 0.3% 3.5გ,,9805,ტობრადექსი 0.3% 3.5გ თვ/მალამო
961,4845,"ტობრადექსი თვ/წვეთები 0,3% 5მლ",,9806,ტობრადექსი 0.3% 5მლ თვ/წვეთები
962,4844,"ტობრექსი თვ/წვეთები 0,3% 5მლ",,7787,ტობრექსი 0.3% 5მლ თვ/წვეთები
963,28134,ტოპეპსილი ტაბ.  25მგ N28,,36073,ტოპეფსილი  25მგ #28ტ
964,28135,ტოპეპსილი ტაბ. 100მგ N28,,36075,ტოპეფსილი 100მგ #28ტ
965,493,ტორადოლი ტაბ. 10მგ N20,,8312,ტორადოლი 10მგ #20ტ
966,1594,ტორადოლი ამპ. 30მგ/1მლ N5,,8311,ტორადოლი 30მგ/1მლ #5ა
967,19081,ტორვიტინი ტაბ. 10მგ N20 GMP,,28512,ტორვიტინი 10მგ #20ტ GMP
968,32044,ტორვიტინი ტაბ. 20მგ N20 GMP,,43942,ტორვიტინი 20მგ #20ტ GMP
969,54512,ტოტალაქსი სიროფი 100მლ,,81246,ტოტალაქსი 100მლ ხსნ
970,53515,ტოტალფერი კაფს.N30,,76413,ტოტალფერი #30კაფს
971,9860,ტრავატანი თვ.წვ 40მკგ/მლ 2.5მლ,,13728,ტრავატანი 0.004% 2.5მლ თვ.წვ
972,42386,ტრენაქსა ამპ.ი/ვ 100მგ/5მლ N5,,37847,ტრენაქსა 100მგ/მლ 5მლ  ი/ვ #5
973,1780,ტრი-რეგოლი ტაბ. 3X21,,1163,ტრი-რეგოლი #63ტ
974,2231,ტრიგანი D ტაბ. N10,,9321,ტრიგან-D #10ტ
975,1785,ტრიდერმი კრემი 15გ,,4031,ტრიდერმი კრემი 15გ ტუბ
976,2815,ტრიდერმი მალამო 15გ,,7133,ტრიდერმი მალამო 15გ ტუბ
977,53268,ტრიმეიკი ტაბ4/1.25/10მგN30 GMP,,75861,ტრიმეიკი 4მგ/1.25მგ/10მგ#30ტ
978,53269,ტრიმეიკი ტაბ.4/1.25/5მგN30 GMP,,75860,ტრიმეიკი 4მგ/1.25მგ/5მგ#30ტ
979,53270,ტრიმეიკი ტაბ8/2.5/10მგ N30 GMP,,75862,ტრიმეიკი 8მგ/2.5მგ/10მგ#30ტ
980,53271,ტრიმეიკი ტაბ8/2.5/ 5მგ N30 GMP,,75863,ტრიმეიკი 8მგ/2.5მგ/5მგ#30ტ
981,44799,ტრიმეკორი MR ტაბ.35მგ N60 GMP,,66109,ტრიმეკორი MR 35მგ #60ტ GMP
982,43679,ტრიპლიქსამი ტაბ.10/2.5/10მგN30,,64287,ტრიპლიქსამი 10მგ/2.5/10მგ#30ტ
983,43678,ტრიპლიქსამი ტაბ.10/2.5/5მგ N30,,64288,ტრიპლიქსამი 10მგ/2.5/5მგ#30ტ
984,43745,ტრიპლიქსამი ტაბ.5/1.25/10მგN30,,64286,ტრიპლიქსამი 5მგ/1.25/10მგ#30ტ
985,43677,ტრიპლიქსამი ტაბ.5/1.25/5მგ N30,,64285,ტრიპლიქსამი 5მგ/1.25/5მგ#30ტ
986,19866,ტულოზინი კაფს. 0.4მგ N30,,28813,ტულოზინი 0.4მგ #30კაფს
987,48774,ტურბომიკრონ G ტაბ.500მგN60 GMP,,71071,ტურბომიკრონ G 500მგ #60ტ
988,59863,ტუსპამინი სიროფი 100მლ,,83156,ტუსპამინი 100მლ სიროფი
989,37490,უნიკლოფენი თვ.წვ. 0.1% 5მლ,,51810,უნიკლოფენი 0.1% 5მლ თვ.წვეთები
990,52335,უნილატი თვ.წვეთ.50მკგ/მლ 2.5მლ,,75081,უნილატი 50მკგ/მლ 2.5მლ თვ/წვ.
991,55796,უნიფარ ბეიბი სიროფი 100მლ,,79768,უნიფარ ბეიბი 100მლ სიროფი
992,53933,უპერიო ტაბ.24მგ/26მგ N28,,77086,უპერიო 24მგ/26მგ #28ტ
993,53934,უპერიო ტაბ.49მგ/51მგ N28,,77087,უპერიო 49მგ/51მგ #28ტ
994,53935,უპერიო ტაბ.97მგ/103მგ N28,,77088,უპერიო 97მგ/103მგ #28ტ
995,3377,უფსარინი C 'UPSA' N10,,8107,უპსარინ უპსა ვიტ C #10ტ
996,55716,ურაქტივ მამი კაფს. N21,,79410,ურაქტივ მამი#21კაფს
997,55717,ურაქტივ ფორტე კაფს. N10,,79408,ურაქტივ ფორტე#10კაფს
998,55100,ურინონი-D რბილი კაფს.N30,,78626,ურინონი-D #30კაფს
999,36625,ურობერი კაფს. N30,,54195,ურობერი #30კაფს
1000,47736,ურობერი ადვანსი კაფს. N30,,75907,ურობერი ადვანსი #30კაფს
1001,39660,უროსტიმი ტაბ. 50მგ N10  GMP,,56570,უროსტიმი 50მგ #10ტ
1002,54956,უროფოსი პაკ. 3გ N1,,78149,უროფოსი 3გ ფხვ#1პაკ
1003,12878,ურსობილი კაფს. 250მგ N20,,25460,ურსობილი 250მგ #20კაფს
1004,43770,ურსობილი HT კაფს. 450მგ N20,,64744,ურსობილი HT 450მგ #20კაფს
1005,26916,ურსომაკი კაფს. 300მგ N20 GMP,,30405,ურსომაკი 300მგ #20კაფს GMP
1006,7680,უფსარინ უფსა 500მგ შუშხ.ტბN16,,12410,უფსარინ უფსა 500მგ #16ტ
1007,6635,ფარინგოსეპტი ტაბ. N20 ლიმონით,,12362,ფარინგოსეპტი #20 საწ.ტ ლიმონით
1008,32949,ფარინგოსეპტი ტაბ. N10,,49377,ფარინგოსეპტი 10მგ #10საწ.ტ
1009,56641,ფარკლობენტი კრემი 30გ,,80448,ფარკლობენტი 30გრ კრემი
1010,1824,ფარმატექსი ვაგინ.სანთ.N10,,4480,ფარმატექსი ვაგინალური #10სანთ
1011,42311,ფაროენზიმი HB ტაბ. N20,,63381,ფაროენზიმი HB #20ტ
1012,43771,ფარფოლიოდი ZN კაფს. N30,,64743,ფარფოლიოდი-Zn #30კაფს
1013,11994,ფაქტივი ტაბ.320მგ N5,,24695,ფაქტივი 320მგ #5ტ
1014,11995,ფაქტივი ტაბ.320მგ N7,,24696,ფაქტივი 320მგ #7ტ
1015,6511,ფენისტილი წვეთ.1მგ/მლ 20მლ ფლ,,8718,ფენისტილი 1მგ/1მლ 20მლ წვეთები
1016,5859,ფენისტილი გელი 0.1% 30გ,,8721,ფენისტილი გელი 0.1% 30გ ტუბ
1017,59365,ფენოგელი გელი 50მგ/30მგ 50გ,,81760,ფენოგელი 50+30მგ/გ 50გ გელი
1018,32941,ფენოგელი გელი 50მგ/გ 60გ.  GMP,,44326,ფენოგელი 50მგ/გ 60გ გელი
1019,9749,ფერვექსი  შაქრით გრან.N8 ჟოლო,,21418,ფერვექსი ჟოლოთი #8პაკ
1020,1843,ფერვექსი  უშაქრო გრან.N8,,5724,ფერვექსი უშაქრო #8პაკ
1021,1842,ფერვექსი  შაქრით გრან.N8,,3224,ფერვექსი შაქრით #8პაკ
1022,35577,ფერსინოლი ამპ. ი/მ 2მლ N5,,48239,ფერსინოლი 100მგ/2მლ ი.მ #5ა
1023,4148,ფერუმ ლეკი სირ.50მგ/5მლ 100მლ,,8695,ფერუმ ლეკი 50მგ/5მლ100მლ სიროფ
1024,8097,ფექსოფენი ტაბ. 120მგ N10,,14666,ფექსოფენი-სანოველი 120მგ #10ტ
1025,8100,ფექსოფენი ტაბ. 180მგ N10,,14668,ფექსოფენი-სანოველი 180მგ #10ტ
1026,1857,ფინოპტინი ტაბ. 40მგ N100,,877,ფინოპტინი 40მგ #100ტ
1027,32622,ფიტო კრემი 40გ,,43883,ფიტო კრემი 40გ ტუბ
1028,46012,ფიქსფლოუ კაფს.50/100მკ N60 ინჰ,,67735,ფიქსფლოუ 50მკგ/100მკგ #60კაფს
1029,46013,ფიქსფლოუ კაფს.50/250მკ N60 ინჰ,,67736,ფიქსფლოუ 50მკგ/250მკგ #60კაფს
1030,46014,ფიქსფლოუ კაფს.50/500მკ N60 ინჰ,,67737,ფიქსფლოუ 50მკგ/500მკგ #60კაფს
1031,56726,ფლამაქსი ამპ.50მგ 2მლ N10,,80630,ფლამაქსი 50მგ/მლ 2მლ#10ა
1032,53530,ფლებოდია ტაბ. 600მგ N60,,76342,ფლებოდია 600მგ #60ტ
1033,50247,ფლექსიდი ტაბ. 500მგ N10,,72984,ფლექსიდი 500მგ #10ტ
1034,50238,ფლექსუსი კაფს. N30,,48966,ფლექსუსი #30კაფს
1035,5997,ფლოსტერონი ამპ. 1მლ  N5,,5552,ფლოსტერონი 1მლ #5ა
1036,2422,ფლუდიტეკი სიროფი 2%,,5635,ფლუდიტეკი  2% 125მლ სიროფი
1037,47752,ფოლიკუმი ტაბ. N30,,70382,ფოლიკუმი 400მკგ #30ტ
1038,48332,ფოსფა-G პაკ. N20  GMP,,71074,ფოსფა-G 1.5გ/15მლ 15მლ #20პაკ
1039,54977,ფოსფოცინა სუსპ. 120მლ,,78650,ფოსფოცინი 120მლ სუსპ
1040,3757,ფრომილიდი(კლარიტრომიც)500მგN14,,9037,ფრომილიდი 500მგ #14ტ(კლარიტრ)
1041,11961,ფრომილიდი უნო ტაბ.500მგ N7,,25015,ფრომილიდი უნო 500მგ #7ტ
1042,1888,ფტოროკორტი მალამო 15.0,,821,ფტოროკორტის მალამო 0.1% 15გ
1043,56542,ქსილომარინი სპრ.0.05% 10მლ GMP,,80118,ქსილომარინი 0.5მგ/მლ 10მლ ცხ.ს
1044,56541,ქსილომარინი სპრ.0.1% 10მლ GMP,,80119,ქსილომარინი 1მგ/მლ 10მლ ცხ.სპრ
1045,45681,შუგა ნორმი ტაბ. N30  GMP,,68178,შუგა ნორმი #30ტ
1046,34335,ცეზერა ტაბ. 5მგ N30,,46385,ცეზერა 5მგ #30ტ
1047,8688,ცელესტოდერმი-V 0.1%კ.გარამ.30გ,,4268,ცელესტოდერმი 30გ კრემი გარამიც
1048,8689,ცელესტოდერმი-V 0.1%მ.გარამ 30გ,,593,ცელესტოდერმი 30გ მ-მო გარამიც
1049,1952,ცელესტოდერმი-V 0.1% მალამო 30გ,,3747,ცელესტოდერმი 30გ მ_მო
1050,54010,ცერვუჟიდი ვაგ.პესარია N12,,77103,ცერვუჟიდი  #12სუპ. ვაგინ
1051,8257,ცეფორტი (ცეფტრიაქსონი) 1გ ფლ,,14893,ცეფორტი(ცეფტრიაქსონი) 1გ ფლ
1052,25178,ცეფტა(ცეფტრიაქს.) 1გ N1 ფლ.GMP,,29109,ცეფტა 1გ ფლ GMP
1053,27562,ციკლოვალი ტაბ. 500მგ N10  GMP,,32494,ციკლოვალი 500მგ #10ტ GMP
1054,51093,ცინეკ SR კაფს.N30,,76487,ცინეკ+სრ #30კაფს
1055,40614,ცინკონეტი C სიროფი 150მლ,,75925,ცინკონეტი C 150მლ სიროფი
1056,1980,ციპრინოლი ამპ.100მგ/10მლ.N5,,1434,ციპრინოლი 100მგ/10მლ #5ა
1057,1981,ციპრინოლი ტაბ.250მგ.N10,,3660,ციპრინოლი 250მგ #10ტ
1058,1982,ციპრინოლი ტაბ.500მგ.N10,,3661,ციპრინოლი 500მგ #10ტ
1059,29788,ციპრო-G ტაბ. 500მგ N10 GMP,,36347,ციპრო-G 500მგ #10ტ
1060,6179,ციტეალი ხსნარი 250მლ,,5783,ციტეალი 20% ხსნარი 250მლ ფლ
1061,52119,ციტოლესი ტაბ. 10მგ N56,,75811,ციტოლესი 10მგ #56ტ
1062,31904,ციტოლესი წვეთები 10მგ/მლ 15მლ,,29239,ციტოლესი 10მგ/მლ 15მლ წვეთები
1063,52118,ციტომაქსი ტაბ. 20მგ N56,,75812,ციტომაქსი 20მგ #56ტ
1064,10949,ციტომაქსი ტაბ. 40მგ N28,,23730,ციტომაქსი 40მგ #28ტ
1065,41461,ციტროსპრეი ფლუ პლიუსი 25მლ,,61560,ციტროსპრეი ფლუ პლუსი 25მლ სპრ*
1066,6413,ხონდრო-რიცი  კაფს.  N50    GMP,,12557,ხონდრო-რიცი #50კაფს
1067,59566,ჯუვექსტრა კაფს.N30,,83401,ჯუვექსტრა #30კაფს
1068,2256,ჰალიქსოლი სიროფი 300მგ 100მლ,,10840,ჰალიქსოლი 15მგ/5მლ 100მლ სიროფ
1069,2086,ჰალიქსოლი ტაბ. 30მგ N20,,10841,ჰალიქსოლი 30მგ #20ტ (უნგ)
1070,2044,ჰალოპერიდოლი ტაბ. 5მგ N50,,1166,ჰალოპერიდოლი 5მგ #50ტ
1071,2042,ჰალოპერიდოლი ამპ. 5მგ 1მლ N5,,1164,ჰალოპერიდოლი 5მგ 1მლ #5ა
1072,2043,ჰალოპერიდოლი დეკან.ამპ 50მგN5,,1165,ჰალოპერიდოლი დეკ.50მგ 1მლ #5ა
1073,11980,ჰარტილი-D ტაბ. 2.5/12.5მგ N28,,25059,ჰარტილ D 2.5მგ/12.5მგ #28ტ
1074,9286,ჰარტილი ტაბ. 5მგ N28,,17674,ჰარტილი  5მგ #28ტ
1075,9287,ჰარტილი ტაბ. 10მგ N28,,17672,ჰარტილი 10მგ #28ტ
1076,37072,ჰარტილი ამლო კაფს.10/10 N30,,51566,ჰარტილი ამლო 10მგ/10მგ #30ტ
1077,37073,ჰარტილი ამლო კაფს.10/5 N30,,51564,ჰარტილი ამლო 10მგ/5მგ #30ტ
1078,37071,ჰარტილი ამლო კაფს. 5/10 N30,,51565,ჰარტილი ამლო 5მგ/10მგ #30ტ
1079,37074,ჰარტილი ამლო კაფს. 5/5 N30,,51563,ჰარტილი ამლო 5მგ/5მგ #30ტ
1080,4312,ჰედელიქსი სიროფი 100მლ,,8149,ჰედელიქსი სიროფი 100მლ ფლ
1081,4313,ჰედელიქსი წვეთები 50მლ,,8150,ჰედელიქსი წვეთები 50მლ ფლ
1082,43406,ჰელიქს პლიუსი სიროფი  150მლ,,64905,ჰელიქს პლუსი 150მლ სიროფი
1083,29641,ჰემო-ფერექსი ტაბ. N90,,36867,ჰემოფერექსი #90ტ
1084,5660,ჰეპატო-რიცი კაფს. N50    GMP,,11429,ჰეპატო-რიცი #50ტ
1085,45843,ჰერბიონი ისლ.ხავსი-უშაქრო150მლ,,69558,ჰერბიონი ისლან.ხავსი150მლ სირ.
1086,30561,ჰერბიონი მრავალძარღ სირ.150მლ,,7910,ჰერბიონი მრავალ.სიროფი150მლ ფლ
1087,43816,ჰერბიონი სუროს სირ-უშაქრო150მლ,,65116,ჰერბიონი სურო 7მგ/მლ 150მლ სირ
1088,30560,ჰერბიონი ფურისულას სირ.150მლ,,37933,ჰერბიონი ფურისულას სიროფ.150მლ
1089,57136,ჰეფი ფერო კაფს. N21,,80740,ჰეფი ფერო #21კაფს
1090,11458,ამოქსიც.(ჰიკონ) 500მგ. N16,,3968,ჰიკონცილი(ამოქს)500მგ#16კაფ
1091,29530,ჰიუმერი მონოდოზა 5მლ ფლ N18,,37867,ჰიუმერი მონოდოზა 5მლ #18ფლ
1092,28551,ჰიუმერი ცხვ.სპრეი 150მლ ბავშ.,,37868,ჰიუმერი ცხ/სპრეი ბავშვ. 150მლ
1093,28552,ჰიუმერი ცხვ.სპრეი 150მლ მოზრ.,,37869,ჰიუმერი ცხ/სპრეი მოზრდ. 150მლ
1094,7672,კორეგა კრემი FR. 40მლ,,21233,კორეგა ფრეში 40გ კრემი
1095,31484,"ლაქტინეტი ტაბ. 0,075მგ N28",,42036,ლაქტინეტი 0.075მგ #28ტ
1096,34121,როლიპექსი ტაბ. 20მგ N28,,49272,როლიპექსი 20მგ #28ტ
1097,11768,ვანსეარი საღეჭი ტაბ.  5მგ  N28,,24555,ვანსეარი 5მგ #28ტ.საღ
1098,49767,ფლუჟენილი ვაგ.გელი 30მლ,,83683,ფლუჟენილი 30გ ვაგ.გელი
1099,60520,გლუვილექსი ულტრა კაფს. N30,,83935,გლუვილექსი ულტრა #30კაფს
1100,2160,ტეოტარდი რეტარდი კაფ.350მგ.N40,,5551,თეოტარდი 350მგ #40კაფს
1101,55101,ნორმოფოლი ტაბ.400მკგ N90,,78625,ნორმოფოლი 400მკგ #90ტ
1102,60468,რეპარკოლი გელი 10მლ,,72373,რეპარკოლი 10გ გელი
1103,60116,ბონექსი ულტრა ტაბ.N30,,83936,ბონექსი ულტრა#30ტ საღ
1104,58616,ჯიოლაქტი ვაგ.სუპ.N10,,81911,ჯიოლაქტი #10სუპოზ.
1105,50713,არგიმაკ პლუსი კაფს.N30,,73436,არგიმაკ პლუსი #30კაფს
1106,54344,ცერეკოლინი ამპ.250მგ/მლ 4მლ N5,,76719,ცერეკოლინი 250მგ/მლ 4მლ #5ა
1107,47747,ამარინი ტაბ. N30,,70364,ამარინი #30ტ
1108,51324,ექსოდერილი 1% 20მლ ხსნარი,,73935,ექსოდერილი 1% 20მლ ხსნარი
1109,42349,ნევანაკი თვ.წვ. 1მგ/მლ 5მლ N1,,62913,ნევანაკი 1მგ/მლ 5მლ თვ.წვეთები
1110,7036,აქვა მარის ცხვ.წვ. 10მლ ბავშვ.,,50741,აქვა მარის 10მლ ცხ/წვ საბავშვო
1111,40619,აქვა მარის ბეიბი სპრეი 50მლ,,62294,აქვა მარის 50მლ სპრ.საბავშვო
1112,1871,აქვა მარის ცხვ.სპრეი 30მლ,,48273,აქვა მარის 30მლ ცხ/აეროზოლი
1113,12046,პუროქსანი ტაბ.400მგ N20,,25147,პუროქსანი 400მგ #20ტ
1114,45001,ნუროფენი  ტაბ. 200მგ N10,,12255,ნუროფენი 200მგ #10ტ
1115,50116,ნუროფენი სუსპ.მარწ150მლ საბავ.,,76341,ნუროფენი 100მგ/5მლ150მლ მარწ/ს
1116,565,"ენაპი-HL ტაბ.10მგ./12,5მგ N20",,5526,ენაპი-HL 10მგ/12.5მგ #20ტ
1117,60465,ბონა კიდსი სიროფი 150მლ,,84324,ბონა ქიდსი 150მლ სუსპ
1118,60469,რეპარკოლი გელი 5მლ,,84785,რეპარკოლი 5მლ გელი
1119,51864,ტონიფიბი ტაბ.N60,,73438,ტონიფიბი #60ტ
1120,6498,ტობრექსი თვ/მალამო 0.3% 3.5გ,,8669,ტობრექსი 0.3% 3.5გ თვ/მალამო
1121,58388,ტაფლობესტი თ.წ0.015მგ/მლ 2.5მლ,,81791,ტაფლობესტი0.015მგ/მლ2.5მლ თვ/წ
1122,2423,ფლუდიტეკი სიროფი 5%,,5636,ფლუდიტეკი  5% 125მლ სიროფი
1123,1825,ფარმატექსი ტაბ.ვაგინ. 20მგ N12,,2430,ფარმატექსი ვაგინალური #12ტ
1124,2582,ტოტემა ხსნ.ამპ. 10მლ N20,,7188,ტოტემა 10მლ #20ა
1125,50162,დიკლარენი გელი 10მგ/გ 100გ GMP,,73876,დიკლარენი 10მგ/გ 100გ გელი
1126,61392,პექტოლოტი სიროფი 100მლ,,84771,პექტოლოტი 100მლ სიროფი
1127,62023,გრავიოლა კაფს.650მგ N120,,85361,გრავიოლა #120კაფს
1128,40146,ნატრიუმის ფოსფატი 120მლ ოყნაN1,,59287,ნატრიუმის ფოსფატი16% 120მლ ხსნ
1129,60464,დ-კოლეროლი წვეთები 15მლ,,84020,დ-კოლეროლი 50000სე15მლ წვ.
1130,47765,ურაგინი ტაბ. N30,,70379,ურაგინი #30ტ
1131,61165,ინტრაგლობინი კაფს. N30,,84327,ინტრაგლობინი #30კაფს
1132,61924,ბიენ დორმირ ფორტე კაფს.N10,,85357,ბიენ დორმირ ფორტე #10კაფს
1133,61923,ოსტარტ პლიუს კალცი პაკ.N10,,85356,ოსტარტ პლუსი #20ფხვ
1134,62022,კოლაფიბი კაფს.N120,,85362,კოლაფიბი #120კაფს
1135,61251,ზოლპიპი კაფს. 40მგ N14,,84326,ზოლპიპი 40მგ #14კაფს
1136,5529,დიფლაზონი კაფს. 50მგ N7,,11336,დიფლაზონი  50მგ #7კაფს (სლოვ)
1137,54463,სინუსეტი ტაბ.N60,,77550,სინუსეტი #60ტ
1138,62140,დეტრალექსი ტაბ.1000მგ N18,,84495,დეტრალექსი 1000მგ #18ტ
1139,11798,ფლუიფორტი 9% 120მლ,,24529,ფლუიფორტი 9% 120მლ სიროფი
1140,11767,ვანსეარი საღეჭი ტაბ.  4მგ N28,,24553,ვანსეარი 4მგ #28ტ.საღ
1141,55823,ტაიქოლდ ლორი საწ.ტაბ.მენთოლN24,,79359,ტაიქოლდი ლორი მენთ#24ტ
1142,58386,ლევოსტარი თვ.წვეთ.0.5% 5მლ,,81789,ლევოსტარი 0.5% 5მლ თვ.წვ
1143,58382,აზარექსი თვ.წვეთ.1მგ/მლ 5მლ,,81785,აზარექსი 1მგ/მლ 5მლ თვ.წვეთები
1144,60240,ვალტანი ტაბ. 80მგ N30 GMP,,85368,ვალტანი  80მგ #30ტ GMP
1145,12016,ბუტამირი სიროფი 7.5/5მლ 100მლ,,25003,ბუტამირი 7.5მგ/5მლ 100მლ სიროფ
1146,50632,სეპტოლეტე ექსტრა დრ. N16,,71410,სეპტოლეტე ექსტრა 3მგ/1მგ#16ტ
1147,4847,მაქსიტროლი თვ/წვეთები 5მლ,,7701,მაქსიტროლი თვ/წვეთები 5მლ
1148,9245,კბ.ჯაგ სენსოდინი Sens. Soft,,21232,კბ/ჯაგრისი სენსოდინი სოფთი5104
1149,25152,სპაზმოპრივი ფორტე 200მგ N20,,28673,სპაზმოპრივ ფორტე 200მგ #20კაფს
1150,25184,უტროჟესტანი კაფს. 200მგ N14,,25746,უტროჟესტანი 200მგ #14კაფს
1151,48202,პუროქსანი ტოპ ტაბ.650მგ N20,,70630,პუროქსანი-ტოპი 650მგ #20ტ
1152,40621,აქვა მარის ცხვ.სპრეი 50მლ,,62296,აქვა მარის 50მლ სპრეი
1153,222,ბაქტრიმი ფორტე ტ.800+160მგ N10,,3718,ბაქტრიმი ფორტე 800+160მგ #10ტ
1154,220,ბაქტრიმი სუსპ.240მგ/5მლ 100მლ,,56,ბაქტრიმი 240მგ/5მლ 100მლ სუსპ.
1155,1558,როცეფინი 1გ ფლ,,3705,როცეფინი 1გ #1ფლ
1156,1077,მადოპარი კაფს. 125მგ N100,,2553,მადოპარი 125მგ #100კაფს
1157,60616,რაენომი ტაბ.7.5მგ N56,,84114,რაენომი 7.5მგ #56ტ
1158,37991,ბოლუს ადსტრინგენსი ტაბ. N50,,53476,ბოლუს ადსტრინგენსი #50ტ
1159,55826,ტაიქოლდ ლორი საწ.ტაბ.ქლიავN24,,79358,ტაიქოლდი ლორი ქლიავ#24ტ
1160,60239,ვალტანი ტაბ. 160მგ N30 GMP,,85369,ვალტანი 160მგ #30ტ GMP
1161,60517,დეტრივიტი კაფს.2000IU N30,,84202,დეტრივიტი 50მკგ(2000სე)#30კაფს
1162,61769,ომესამი D3 კაფს.5000ს.ე.N20,,85297,ომესამი D3 5000მგ #20კაფს
1163,2435,პიმაფუცინი სანთელი 100მგ N3,,3220,პიმაფუცინი 100მგ #3 სუპოზ.
1164,60461,ომესამი ჯუნიორი საღ.კ.850მგN20,,84215,ომესამი ჯუნიორი#20საღ.კაფს
1165,723,ვობენზიმი დრ. N20,,5844,ვობენზიმი #20ტ
1166,2798,ფლოგენზიმი ტაბ. N20,,6618,ფლოგენზიმი #20ტ
1167,2488,ვობენზიმი დრ. N800,,7558,ვობენზიმი #800დრ
1168,287,როზამეტი კრემი 1% 25გ,,8162,როზამეტი კრემი 1% 25გ ტუბ
1169,4981,დრამინა ტაბ. 50მგ N10,,8161,დრამინა 50მგ #10ტ
1170,6231,სტრეპსილსი მენთ.ევკალ.ტაბ. N24,,10377,სტრეპსილსი #24ტ მენთოლ.ევკალიპ
1171,44633,ფლასტინი ტაბ. 150მგ N3,,66304,ფლასტინი 150მგ #3ტ
1172,257,ბეტადინი საპ.  120მლ.,,34915,ბეტადინი თხევადი საპონი 120მლ*
1173,60241,რეპარონი ჰერბალი მალამო 25გ,,83773,რეპარონი ჰერბალი 25გ მალ
1174,60242,რეპარონი ჰერბალი სუპ.N10,,83774,რეპარონი ჰერბალი #10სუპ
1175,4836,ბეტოპტიკი C  0.25%  5მლ,,8658,ბეტოპტიკი 0.25% 5მლ თვ/წვეთები
1176,10235,ფლუიმუცილი 600მგ შუშხ.ტაბ.N10,,22514,ფლუიმუცილი 600მგ #10ტ შუშხუნა
1177,51129,ელენეონ პლუსი კრემი 20გ,,86291,ელენეონ პლუსი 0.05% 20გ კრემი
1178,44130,ონესტი ტაბ. N30,,73139,ონესტი #30ტ
1179,62557,კალზიდანი K2 კაფს.N30,,85634,კალზიდანი K2 #30კაფს
1180,38509,სპონდინი წვ. 30მლ,,73439,სპონდინი 30მლ წვეთები
1181,27697,კბ.ჯაგ პაროდონტაქსი Soft,,34213,კბ/ჯაგრისი პაროდონტაქს.სოფ4129
1182,57939,კბ.სავლ სენსოდინი 500მლ,,85658,კბ/სავლები სენსოდინი 500მლ
1183,54036,კორეგა კრემი GUM ღრძ.დაცვა 40გ,,82691,კორეგა ღრძილ.დაცვა 40გ კრემი
1184,3388,ელოკომი კრემი 15გ,,8101,ელოკომი 0.1% 15გ კრემი
1185,10271,ელოკომი ლოსიონი 30მლ,,10203,ელოკომი 0.1% 30მლ ლოსიონი
1186,3441,დიპროსპანი ამპ.  1მლ  N5,,8393,დიპროსპანი 1მლ #5ა
1187,29854,არკოქსია ტაბ.  90მგ N28,,37623,არკოქსია  90მგ #28ტ
1188,29855,იანუვია ტაბ. 100მგ N28,,36482,იანუვია 100მგ #28ტ
1189,1960,ცერებროლიზინი 1მლ N10,,595,ცერებროლიზინი  1მლ #10ა
1190,1961,ცერებროლიზინი 5მლ N5,,594,ცერებროლიზინი  5მლ #5ა
1191,2051,ჰელმინტოქსი ტაბ.250მგ  N3,,4481,ჰელმინტოქსი 250მგ #3ტ
1192,5695,სიმფათილი შემ.ტაბ.N40,,12273,სიმპათილი #40ტ
1193,43639,ცერებროლიზინი 2მლ N10,,64455,ცერებროლიზინი  2მლ #10ა
1194,58044,რეტისოლი კრემი 20გრ ტუბი,,81640,რეტისოლი 0.1% 20გ კრემი
1195,60459,დეტრივიტი ფორტე კაფ.5000IU N30,,84203,დეტრივიტი ფორ125მკგ(5000სე#30კ
1196,27182,ლივ-ანგინი ტაბ. ჟოლოთი N16,,30185,ლივ-ანგინი #16ტ საწუწნი(ჟოლო)
1197,5894,ანტი-გრიპინი ბავშვ.შუშხ.ტ. N10,,11767,ანტიგრიპინი #10შუშხ.ტაბ.საბავ
1198,25155,ნონბლონ H ტაბ. 5/12.5მგ N20,,28779,ნონბლონ H 5მგ/12.5მგ #20ტ
1199,59921,ცენტროვიტი G ჟენშ.შუშხ.ტაბ.N20,,80310,ცენტროვიტი ჟენშენით#20ტ შუშ
1200,59920,ცენტროვიტი მინერალ.შუშ.ტაბ.N20,,80357,ცენტროვიტი მინერალები#20ტ შუშ
1201,59922,ცენტროვიტი ჯუნიორი საღ.ტაბ.N50,,80355,ცენტროვიტი ჯუნიორი#50ტ საღ
1202,25116,ლაკალუტი პროტეზ.დას.კრემი 40გრ,,28479,ლაკალუტი პროთეზ.დასამ.კრემი40გ
1203,10099,ცენტროვიტი ტაბ. N30,,15515,ცენტროვიტი #30ტ          +
1204,58519,ურისეპტი შუშხ.ტაბ.N20,,80354,ურისეპტი #20ტ შუშხ
1205,31326,ნაზონექსი სპრეი 50მკგ 140 დოზა,,38701,ნაზონექსი 50მკგ 140დოზა აეროზ.
1206,61401,მუკონები საინჰ.ამპ.3% 4მლ N30,,85800,მუკონები 3% 4მლ #30ა
1207,47169,ალორტია ტაბ.50მგ/10მგ N30,,69583,ალორტია 50მგ/10მგ #30ტ
1208,31047,ერიუსი  ტაბ. 5მგ N30,,37975,ერიუსი 5მგ #30ტ
1209,31559,გალვუს მეტი ტაბ.50/500მგ N60-S,,42078,გალვუსმეტი 50მგ/500მგ #60ტ
1210,63587,მონსერა ტაბ.5მგ N56,,86660,მონსერა 5მგ #56ტ
1211,63588,მონსერა ტაბ.7.5მგ N56,,86663,მონსერა 7.5მგ #56ტ
1212,62296,პულმოკასტი საღ.ტაბ.4მგ N28,,86377,პულმოკასტი  4მგ #28ტ საღ
1213,62297,პულმოკასტი საღ.ტაბ.5მგ N28,,86378,პულმოკასტი  5მგ #28ტ საღ
1214,62298,ნექსი B6 ტაბ.400მგ/2.8მგ N30,,85751,ნექსი #30ტ
1215,62559,ფლურანგი კაფს.150მგ N1,,85635,ფლურანგი 150მგ #1კაფს
1216,63360,ლადუქსინი ტაბ. 100მგ N15,,86433,ლადუქსინი 100მგ#15ტ
1217,62319,მედეოზინ დუო ტაბ 4მგ/2.5მგ N20,,85787,მედეოზინ-დუო 4მგ/2.5მგ #20ტ
1218,62318,მედეოზინ დუო ტაბ.10მგ/5მგ N20,,85788,მედეოზინ-დუო 10მგ/5მგ #20ტ
1219,63435,კოქსიქეა ტაბ.120მგ N7,,86696,კოქსიქეა 120მგ  #7ტ
1220,57652,კლექსიპარინი 60მგ/0.6მლ შპრN10,,81328,კლექსიპარინი 60მგ/0.6მლ შპ#10
1221,28006,ბროვინი სიროფი 120 მლ,,33073,ბროვინი 0.6% 120მლ სიროფი
1222,29853,არკოქსია ტაბ.  60მგ N28,,37622,არკოქსია  60მგ #28ტ
1223,62784,დორნიზოლი ტაბ.500მგ N10,,86938,დორნიზოლი 500მგ #10ტ
1224,28007,ბროვინი სიროფი  60 მლ,,33072,ბროვინი 0.6%  60მლ სიროფი
1225,63359,მაქსაზიტი სუსპ.15მლ ფლ,,80792,მაქსაზიტი 200მგ/5მლ 15მლ სუსპ
1226,60265,ამლოვალტანი ტაბ.5/80მგ N30 GMP,,84295,ამლოვალტანი 5მგ/80მგ #30ტ
1227,63433,კოქსიქეა ტაბ. 60მგ N28,,86647,კოქსიქეა  60მგ #28ტ
1228,63434,კოქსიქეა ტაბ. 90მგ N28,,86648,კოქსიქეა  90მგ #28ტ
1229,54343,ცერეკოლინი ამპ.250მგ/მლ 2მლ N5,,76720,ცერეკოლინი 250მგ/მლ 2მლ #5ა
1230,61277,პელინი სუსპ. 9მლ N30 პაკეტი,,85793,პელინი 9მლ #30პაკ
1231,60460,დეტრივიტი მაქსი კაფ10000IU N30,,84211,დეტრივიტი მაქ250მკგ(10000სე#30
1232,58520,მიოქსანტი ფლ.5მგ/2.5მლ N5,,79224,მიოქსანტი 5მგ/2.5მლ 2.5მლ #5ფლ
1233,6901,ოფლოტასი  ტაბ. 200მგ  N10,,28066,ოფლოტასი 200მგ #10ტ
1234,18542,ლივაროლი ვაგ. სუპ. 400მგ N5,,14187,ლივაროლი 400მგ #5ვაგ.სუპ(ნიჟფ)
1235,29178,ალპონალი ტაბ. 200მგ N10,,35582,ალპონალი 200მგ #10ტ
1236,58043,კაპსიკამი პლასტირი N12,,80854,კაპსიკამის პლასტირი #12
1237,61250,ზოლპიპი კაფს. 20მგ N14,,84325,ზოლპიპი 20მგ #14კაფს
1238,27405,ნიდოლი გელი 30გრ,,30841,ნიდოლი 30გ გელი
1239,10948,ციტომაქსი ტაბ. 20მგ N28,,23729,ციტომაქსი 20მგ #28ტ
1240,47586,აერტალი კრემი 1.5% 60გრ,,69987,აერტალი 1.5% 60გ კრემი
1241,64526,სტრესალაბი კაფს.N30,,87579,სტრესლაბი #30კაფს
1242,64525,ვაშლის ძმარი/ამვილაბი კაფ.N60,,87576,ვაშლის ძმარი ამვილაბი #60კაფს
1243,60232,ანგიობესტი ტაბ.16მგ N30,,83783,ანგიობესტი 16მგ #30ტ
1244,30221,ორლიპი კაფს.  60მგ N30 GMP,,37018,ორლიპი 60მგ #30კაფს GMP
1245,60340,ტენიკამი ტაბ. 20მგ N10,,83841,ტენიკამი 20მგ #10შუშ.ტ
1246,60231,ანგიობესტი ტაბ.24მგ N30,,83784,ანგიობესტი 24მგ #30ტ
1247,56709,სოლუდონი პაკ.1500მგ 4გ N20,,63552,სოლუდონი 1500მგ #20ტ შუშხუნა
1248,63589,ციტაპრა ტაბ.10მგ N28,,86656,ციტაპრა 10მგ #28ტ
1249,63590,ციტაპრა ტაბ.20მგ N28,,86659,ციტაპრა 20მგ #28ტ
1250,52571,კოლერინი კაფს. 250მგ N10  GMP,,75319,კოლერინი 250მგ #10კაფს
1251,61496,პოლი სოლი ფორტე პაკ.N10 ჟოლო,,85753,პოლისოლი ფორტე ჟოლო#10პაკ
1252,61495,პოლი სოლი ფორტე პაკ.N10 ფორთოხ,,85752,პოლისოლი ფორტე ფორთ#10პაკ
1253,47444,ნიამარინი ცხ.სპრეი  50მლ  GMP,,69630,ნიამარინი 50მლ სპრეი
1254,56940,რეგენიუმი პაკეტები ჟოლო N10,,80834,რეგენიუმი #10პაკ
1255,28013,ტაფლოტანი თვ.წვ.15მკგ/მლ 2.5მლ,,30705,ტაფლოტანი 15მკგ/მლ 2.5მლ თვ/წვ
1256,64824,ვამლოსეტი ტაბ. 5მგ/160მგ N30,,88408,ვამლოსეტი  5მგ/160მგ #30ტ
1257,64811,რიპედონი ტაბ.1მგ N60,,88462,რიპედონი 1მგ #60ტ
1258,64810,რიპედონი ტაბ.2მგ N60,,88463,რიპედონი 2მგ #60ტ
1259,64812,რიპედონი ტაბ.4მგ N60,,88465,რიპედონი 4მგ #60ტ
1260,56330,კბ.სავლ პაროდონტაქსი 500მლ,,87233,პარადონტაქს-პღ.სავლები 500მლ
1261,4027,პანადოლი'ბეიბი'სანთ.125მგ N10,,4616,პანადოლი  125მგ #10 სანთელი
1262,5560,ზინერიტი ლოსიონი 30მლ ფლ,,5190,ზინერიტი ლოსიონი 30მლ ფლ
1263,1337,პანადოლი ტაბ.N12,,398,პანადოლი 500მგ #12ტ
1264,65745,ამვილაბი/თუთია ტაბ.50მგ N30,,88591,თუთია ამვილაბი 50მგ #30ტ
1265,65743,ამვილაბი/ვიტ.D3 2000სე ტაბ.N30,,88588,ვიტ D3 ამვილაბი 2000სე#30ტ საღ
1266,65746,ამვილაბი/ომეგა 3-6-9 კაფს.N30,,88590,"ომეგა-3,6,9 ამვილაბი#30კაფს"
1267,65744,ამვილაბი/ვიტ.D3 5000სე ტაბ.N30,,88589,ვიტ D3 ამვილაბი 5000სე#30ტ საღ
1268,64826,კო-ვამლოსეტი ტ.10/160/25 N30,,88468,კო-ვამლოსეტი10/160/25მგ#30ტ
1269,58383,ბრილოსანი თვ.წვეთ.10მგ/მლ 5მლ,,81786,ბრილოსანი 10მგ/მლ 5მლ თვ.წვეთ
1270,69412,რივოქსარი ტაბ.15მგ N28,,91264,რივოქსარი 15მგ #28ტ
1271,73614,მიროვიტ D3 2000IU კაფს.N30,,93763,მიროვიტი D3 2000 სე #30კაფს
1272,73613,მიროვიტ Zn15 ტაბ. 15მგ N30,,93766,მიროვიტი Zn 15მგ #30ტ
1273,73618,ნოდუს დეი ტაბ. N30,,93764,ნოდუს დეი #30ტ
1274,73617,ნოდუს ნაითი ტაბ. N30,,93768,ნოდუს ნაითი #30ტ
1275,73616,მირომე D3 კაფს. N20,,93765,მირომე D3 #20კაფს
1276,61457,ვიზიპრესი 2% 5მლ თვ.წვ,,83921,ვიზიპრესი 2% 5მლ თვ/წვ ფლ
1277,31215,კოლინი კაფს. 40მგ N30,,37923,კოლინი 40მგ #30კაფს
1278,11885,კვადიმაქსი ტაბ. 200მგ N10,,15186,კვადიმაქსი 200მგ #10ტ
1279,28663,ფარინგოსპრეი 20მლ სპრეი,,80311,ფარინგოსპრეი 20მლ აეროზოლი*
1280,47298,ლაბრონი ამპ.1000მგ/4მლ N5,,69052,ლაბრონი 1000მგ/4მლ #5ა
1281,25244,სპერექსი ფლ. 125/5მლ,,15067,სპერექსი 125მგ/5მლ 60მლ ფლ
1282,9855,მაგიტრონი ტაბ. N50,,21238,მაგიტრონი #50ტ             +
1283,66211,ოსტევინი შუშხ.ტაბ. N24,,85958,ოსტევინი #24ტ შუშხ
1284,7557,ნეირომიდინი ამპ. 1.5% 1მლ N10,,30863,ნეირომიდინი 15მგ/მლ 1მლ#10ა
1285,28223,მიტანგა ტაბ. 500მგ N10,,32495,მიტანგა 500მგ #10ტ
1286,62137,ნოოფენი კაფს.500მგ N24,,84778,ნოოფენი 500მგ #24კაფს
1287,68734,რეპარონი მალამო 30გ,,91390,რეპარონი 30გ მალამო
1288,68961,კოკლავი სუსპ.228მგ/5მლ 70მლ,,90219,კოკლავი 228მგ/5მლ 70მლ სუსპ
1289,64053,სანიდერმი მალამო 15გ,,87711,სანიდერმი 15გ მალამო
1290,70100,ლაქტო-G ფორტე კაფს. N10  GMP,,92328,ლაქტო-G ფორტე#10კაფს GMP
1291,57972,ტაიქოლდი S სუპ.250მგ N12,,81554,ტაიქოლდი S 250მგ #12 სანთელი
1292,68962,კოკლავი სუსპ.457მგ/5მლ 70მლ,,90220,კოკლავი 457მგ/5მლ 70მლ სუსპ
1293,68740,რივაროქსი ტაბ.20მგ N28,,90116,რივაროქსი 20მგ #28ტ
1294,70562,ცინკოვიდი იმუნო შუშხ.ტაბ.N20,,92128,ცინკოვიდი #20ტ შუშხ
1295,68738,რივაროქსი ტაბ. 2.5მგ N56,,90118,რივაროქსი  2.5მგ #56ტ
1296,64485,პულმოკასტი ტაბ.10მგ N28,,86664,პულმოკასტი 10მგ #28ტ
1297,64823,ვამლოსეტი ტაბ.  5მგ/80მგ N30,,88741,ვამლოსეტი  5მგ/80მგ #30ტ
1298,64827,კო-ვამლოსეტი ტ. 5/160/12.5 N30,,88466,კო-ვამლოსეტი 5/160/12.5მგ#30ტ
1299,64825,კო-ვამლოსეტი ტ.10/160/12.5 N30,,88467,კო-ვამლოსეტი 10/160/12.5მგ#30ტ
1300,66663,ვამლოსეტი ტაბ.10მგ/160მგ N30,,89320,ვამლოსეტი 10მგ/160მგ #30ტ
1301,70574,ამვილაბი/მელატონინი სღ.ტ3მგN30,,92155,მელატონინი ამვილაბი3მგ#30ტ საღ
1302,66729,ამვილაბი/ომეგა-3 კაფს. N30,,89351,ომეგა-3 ამვილაბი#30კაფს
1303,69413,რივოქსარი ტაბ.20მგ N28,,91265,რივოქსარი 20მგ #28ტ
1304,68146,ფენოგელი გელი 50მგ/30მგ 40გ,,89832,ფენოგელი 50+30მგ/გ 40გ გელი
1305,61276,აზალეპტინი ტაბ. 100მგ N40,,83829,აზალეპტინი 100მგ#40ტ(არპიმ)
1306,72940,ზეტორი პლუსი ტაბ. 5/10მგ N30,,93322,ზეტორი პლუსი 5მგ/10მგ #30ტ
1307,67034,სელიო ტაბ. 200მკგ N60,,89261,სელიო 200მკგ #60ტ
1308,27668,აისოლი 4.16გ პაკეტი N20,,30899,აისოლი 4.16გ #20 პაკეტი
1309,65285,ელსანტი ტაბ. 5მგ N20,,79150,ელსანტი 5მგ #20ტ
1310,58158,ატმოსილი კაფს.N30,,80312,ატმოსილი #30კაფს
1311,18423,იტასპორი კაფს. 100მგ. N10,,28078,იტასპორი 100მგ #10კაფს
1312,64259,მირომაქსი-BID ტაბ. 1გ N10,,88286,მირომაქსი BID 1გ #10ტ
1313,62785,ალდოდერმი მალამო 30გ,,86024,ალდოდერმი 30გ მალამო
1314,70573,ამვილაბი/სელენი კაფ.200მკგ N30,,92156,სელენი ამვილაბი 200მკგ#30კაფს
1315,70575,ამვილაბი/პანკრეატინი კაფს.N30,,92157,პანკრეატინი ამვილაბი#30კაფს
1316,68083,ამვილაბი/სპირულინა კაფს.N60,,92150,სპირულინა ამვილაბი500მგ#60კაფს
1317,63611,მიროზოლი კაფს.150მგ N1,,92377,მიროზოლი 150მგ #1კაფს
1318,34590,სილვედერმა კრემი 10მგ/გრ 50გრ,,45836,სილვედერმა კრემი 50გ
1319,62214,მონაზილი ტაბ.5მგ/10მგ N30,,85379,მონაზილი 5მგ/10მგ #30ტ
1320,48923,ვეზომნი ტაბ. 6მგ/0.4მგ N30,,69235,ვეზომნი 6მგ/0.4მგ #30ტ
1321,31218,ფლებილი კაფს. N30,,37934,ფლებილი #30კაფს
1322,58187,კონტროლოკი კონტროლი ტ.20მგ N14,,79260,კონტროლოკი კონტროლი20მგ #14ტ
1323,61240,მოვიპრეპი ფხვნილი პაკეტი(AB)N2,,70883,მოვიპრეპი ორალ/ფხვ#2(AB)
1324,68741,რეპარონი რექტ. სუპპ. N12,,90279,რეპარონი #12რექტ.სუპოზ.
1325,53164,უმკალორი წვეთი 20მლ,,74903,უმკალორი 20მლ პერორ/წვეთები
1326,68079,ამვილაბი/ვალერ.ექს.კაფ250მგN30,,92151,ვალერიანის ექს.ამვილაბი#30კაფს
1327,75850,კო-ვალტანი ტბ.80/12.5მგN30 GMP,,95195,კო-ვალტანი 80მგ/12.5მგ#30ტGMP
1328,68739,რივაროქსი ტაბ.15მგ N28,,90117,რივაროქსი 15მგ #28ტ
1329,63898,ემანერა კაფს. 40მგ N28,,87080,ემანერა 40მგ #28კაფს
1330,10107,ანბერი ტაბ. N10,,21789,ანბერი 500მგ/20მგ#10ტ
1331,9493,კაპტი ტაბ. 25მგ N50,,15023,კაპტოპრილ(კაპტი)25მგ #50ტ
1332,9862,მელონი 100მლ ფლ,,15075,მელონი 100მლ სიროფი ფლ
1333,9856,მელონი ტაბ. N30,,15074,მელონი #30ტ
1334,68694,ალდობრონქიალი სიროფი 100მლ,,91271,ალდობრონქიალი 2მგ/5მლ100მლ სირ
1335,68078,ამვილაბი/ვიტ.C ტაბ.1000მგ N30,,92149,ვიტ C ამვილაბი1000მგ#30ტ
1336,68081,ამვილაბი/ჟენშ.ექსტ.კაფ500მგN30,,92153,ჟენშენის ექს.ამვილაბი500მგ#30კ
1337,70663,ვოლანტილი ტაბ. 550მგ N56,,92343,ვოლანტილი 550მგ #56ტ
1338,68080,ამვილაბი/ჩიას ზეთი კაფს.N30,,92154,"ომეგა-3,6,9ამვილაბ ჩიას ზეთ#30"
1339,5490,ენალაპრილი ტაბ. 10მგ  N20  GMP,,11346,ენალაპრილი 10მგ #20ტ  GMP
1340,76766,ნიდაზოლი-მ ვაგ.ტაბ.N14,,95940,ნიდაზოლი-მ 500/100მგ#14ვაგ.ტ
1341,69529,დიალაკი ფორტე კაფს.240მგ N20,,91388,დიალაკი ფორტე 240მგ #20კაფს
1342,76881,ცინკოვიდი ნეირო შუშხ.ტაბ.N20,,96301,ცინკოვიდი ნეირო#20ტ შუშხ
1343,68742,პაიდოკორტი ხსნარი 125მლ,,90197,პაიდოკორტი 3მგ/მლ 125მლ ორ/ხსნ
1344,54332,აქვა მარის ცხვ.სპრეი 150მლ,,82857,აქვა მარის 150მლ ცხ/სპრეი
1345,12170,ბაუმე 5მლ ყურის წვეთები,,15247,ბაუმე 5მლ ყურის წვეთები
1346,9857,ბლესტარი ფორტე ტაბ.16მგ N30,,15028,ბლესტარ ფორტე 16მგ #30ტ
1347,17575,დიდროფი 0.05% 10მლ ცხ.წვთ,,27879,დიდროფი 0.05% 10მლ ცხ.წვეთები
1348,67160,ლეპაკი ტაბ.10მგ N30,,84719,ლეპაკი 10მგ #30ტ
1349,11886,ლიზლი ტაბ. 30მგ N50,,17234,ლიზლი 30მგ #50ტ
1350,18357,ნონბლონი ტაბ. 5მგ N20,,27960,ნონბლონი 5მგ #20ტ
1351,26858,ჰეპოლამი კაფს. N30,,29885,ჰეპოლამი #30კაფს
1352,6551,ავექსონი 1გ ფლ,,22916,ავექსონი  1გ #1ფლ
1353,64518,გილენია კაფს. 0.5მგ N28,,64526,გილენია 0.5მგ #28კაფს
1354,66730,ამვილაბი/ფოლის მჟავა ტაბ.N100,,89352,ფოლიუმის მჟ400მკგ#100ტ ამვილაბ
1355,71316,ამვილაბი/პრობიოტიკი KIDS სტN30,,92833,პრობიოტიკი ქიდსი ამვილაბი#30
1356,38203,აქვა მარის სტრონგი ცხ.სპრ.30მლ,,53168,აქვა მარის სტრონგი 30მლ ცხ/აერ
1357,35167,აქვა მარის პლიუსი ცხვ.სპრ.30მლ,,48272,აქვა მარის პლუსი 30მლ ცხ/აეროზ
1358,67469,აქვა მარის ბეიბი სპრეი 150მლ,,92163,აქვა მარის საბავ(3თვ)150მლ სპრ
1359,67468,აქვა მარის ექტოინი 20მლ,,92162,აქვა მარის ექტოინი 20მლ სპრ
1360,11884,ენზალ D კაფს. N30,,24431,ენზალ D #30კაფს
1361,5036,სერმიონი ტაბ. 30მგ N30,,9689,სერმიონი 30მგ #30ტ
1362,32721,ტოპტი სუსპ. 200მგ/5მლ 15მლ,,43005,ტოპტი 200მგ/5მლ 15მლ სუსპ
1363,70566,ვიზქიუ ფლ.120მგ/მლ 0.23მლ N1,,91208,ვიზქიუ 120მგ/მლ0.23მლ #1ფლ
1364,88971,როქსამპექსი ტაბ. 20/5/8მგ N30,,140720,როქსამპექსი 20მგ/5მგ/8მგ#30ტ
1365,75814,პროტეფიქს წებო კრ.PREMIUM 47გ,,95162,პროტეფიქს-წებო პრემიუმი
1366,44654,დოპელჰერც/აქტ.ანტისტრეს ტაბN30,,65901,დოპელჰერცი ანტისტრესი #30ტ
1367,27931,დოპელჰერც/აქტ.მენოპაუზ.ტაბ N30,,35570,დოპელჰერცი მენოპაუზა #30ტ*
1368,89511,ფეროსომ ფორტე კაფსულა N20,,140954,ფეროსომ ფორტე #20კაფს
1369,89510,ფეროსომ ფორტე საშეტი N20,,140958,ფეროსომ  ფორტე #20პაკ
1370,89509,ფეროსომ ფორტე სიროფი 200მლ,,140959,ფეროსომ ფორტე 200მლ სიროფი
1371,83196,,,130446,კურკუმა ამვილაბი #30კაფს
1372,45699,,,67101,დოპელჰერცი აქტივი აის ექსტ#30ტ
1373,83059,,,65902,დოპელჰერცი ენერჯი პლუსი#20პაკ
1374,62099,,,85279,დოპელჰერცი ვიტ.D31000ექსტ#45ტ
1375,68411,,,89839,დოპელჰერცი თმა+კანი+ფრჩ#30ტ
1376,44655,,,65900,დოპელჰერცი იროტეკი #30ტ
1377,79360,,,124017,დოპელჰერცი რიბოსანი ხველ100მლ
1378,85037,,,142668,დოპელჰერცი რკინა #20პაკ
1379,63299,,,86004,დოპელჰერცი ფლუ სტოპი#15ტ
1380,28384,,,35574,დოპელჰერცი ფოლიუმის მჟავ#30კ*
1381,87468,,,143125,დოპელჰერც აქტივი ჩაი ლიმონი ვიტ.CდაZn#10პაკ
1382,87469,,,143126,დოპელჰერც აქტ.ჩაი შტოში ვიტ.CდაZn#10პაკ
1383,85133,,,143127,დოპელჰერც სისტემი კოლაგენ+ #30ა
1384,70664,,,92340,ენფასტი SDK 50მგ #20ტ
1385,90226,,,141957,რინოდუო137მკგ+50მკგ/დ120დ ნ/სპ
